,id,album,track_number,name
0,5xrtzzzikpG3BLbo4q1Yul,IU 5th Album 'LILAC',1,LILAC
1,2j0MsDAMJ2ahsxP3z86ChI,IU 5th Album 'LILAC',2,Flu
2,7CZRguMolNqIobnXxpV735,IU 5th Album 'LILAC',3,Coin
3,2M7a2Us8CEU1HZHj70byGX,IU 5th Album 'LILAC',4,Hi spring Bye
4,5nCwjUUsmBuNZKn9Xu10Os,IU 5th Album 'LILAC',5,Celebrity
5,64P4md3mdMM8Dog2aThmzj,IU 5th Album 'LILAC',6,Troll (Feat. DEAN)
6,4YnVz2QRU6OnoJ8lt23QHM,IU 5th Album 'LILAC',7,Empty Cup
7,46wDG6evLn2iPoQ0F8CUWk,IU 5th Album 'LILAC',8,My sea
8,1IJxbEXfgiKuRx6oXMX87e,IU 5th Album 'LILAC',9,Ah puh
9,6rcwrRWKyjaFyUL8b8GlIJ,IU 5th Album 'LILAC',10,Epilogue
10,4NPARrLIbtMl29ZJv8ESr2,Palette,1,dlwlrma
11,3y7ByLZ05tluscOTRgEJ9Y,Palette,2,Palette (feat. G-DRAGON)
12,06EMBzxDm2hueehobAlMtm,Palette,3,Ending Scene
13,5MvxeZPiiLAuB5gI8k3ynk,Palette,4,Can't Love You Anymore (With OHHYUK)
14,3h7WIL3B6nP3171zl6HWj8,Palette,5,Jam Jam
15,1sUOFqmIU38dQCA13aVKBL,Palette,6,Black Out
16,2HlvvNgav045pxmrG0mk11,Palette,7,Full Stop
17,3P3UA61WRQqwCXaoFOTENd,Palette,8,Through the Night
18,3dDJ4DlBQ0VaRYjLZhLDTa,Palette,9,Love Alone
19,1DP0uwV6tMlCEfR61Mh7ki,Palette,10,Dear Name
20,0GsRx0gPft6RmijIwMsKmG,Modern Times – Epilogue,1,Friday (feat.Jang Yi-jeong)
21,2Tw2V8Ps4GuzZfcSwJufQ8,Modern Times – Epilogue,2,Crayon
23,3TptUUofhpj36m67TF1oPV,Modern Times – Epilogue,4,Everybody has secrets (feat. GAIN)
29,2IX0gGA7fwWcjfn2IKS4Nt,Modern Times – Epilogue,10,"Walk with me, girl (feat. Choi Baek-ho)"
33,13gJpKdOhieATKK3EaNDdz,Modern Times – Epilogue,14,Wait
35,7b3p9nGAWa2fByucNemToA,Modern Times,1,Love of B
37,5K8D8VKWxLlS9irhfGlIEi,Modern Times,3,Between the lips (50cm)
38,3atsk5EWI5fNxLMIJnfYfJ,Modern Times,4,The Red Shoes
39,38Dwg8OrUClCZl2wzUKrmi,Modern Times,5,Modern Times
40,0EqSyrpWl672SesSbx598X,Modern Times,6,Bad Day
41,2RENeWPEosqVewFaHSNnjT,Modern Times,7,Obliviate
43,5tW1WVLeSj61qexZmyb1il,Modern Times,9,Havana
44,5mqINYGiOhoHXdc5nCeR4d,Modern Times,10,A Gloomy Clock (feat. Jong-hyun)
45,5TjV9Mx486FBvFW9n4IR2m,Modern Times,11,Daydream (feat. Yang Hee-eun)
47,0MMUVb6JJzOtMyTx9qrAjy,Modern Times,13,(Bonus Track) Voice Mail (Korean Version)
48,38HJ2NhRdr68S1UAi9r3vc,Last Fantasy,1,Secret
49,79PkC8ii2W7Grvvkqazgf3,Last Fantasy,2,Sleeping Prince (feat. Yoon Sang)
50,3kgK9B823Y50ckCgBGDNTu,Last Fantasy,3,Holding A Star In My Heart (feat. Kim Gwang-Jin)
51,37S86pw74OH8j96ZmMnrpR,Last Fantasy,4,YOU&I
52,36PSn3k7YPTVWN5YdEpO4x,Last Fantasy,5,Wallpaper Pattern
53,7DC64C720P0UiWasMXpIiS,Last Fantasy,6,Uncle (feat. Lee Juck)
54,0XVcGTecjLl6p8Am7nx2Ch,Last Fantasy,7,Wisdom Tooth
55,0VhAW8noO9tNKg5mwaDjIC,Last Fantasy,8,Everything's Alright (feat. Kim Hyun-Cheol)
56,3Rceql5j6lhnygLVthRbcD,Last Fantasy,9,Last Fantasy
57,6DumtENJgebiGQbUuY0wjU,Last Fantasy,10,Teacher (feat. Ra.D)
58,5ysnDmK9qdG4oCNZYeVNSy,Last Fantasy,11,The Abandoned
59,3K2qsjNSynFOx2XHTHGXT2,Last Fantasy,12,4AM
60,76xG9kPexjMDPEPUpojsms,Last Fantasy,13,L'amant
61,1dIMDyUh1tC5uuESauhEM6,Growing Up,1,Looking at you
62,6i7mQOXDa23mOJb5TjPqQc,Growing Up,2,Boo
63,0OhsHgLWuhP9LG6Xv24HGf,Growing Up,3,pitiful
64,0kW9kEbh9rExtpZzBzAcWU,Growing Up,4,A Dreamer
65,2gUAoK1JKLTbXxTBM1QP3M,Growing Up,5,Every Sweet Day
66,7w1f6DUmGsW3esPlS2INpv,Growing Up,6,lost child
67,5cqBNFtErxeN0Xg746ZuPM,Growing Up,7,Four Without Me
68,3MHZPi5TciibKTJwWdfWQD,Growing Up,8,Well… (feat. Mario)
69,4bzva4tAY7JK7GauSMwDOQ,Growing Up,9,Graduation Day
70,6vVDZF6z5OjDkBgY3MPGpL,Growing Up,10,Feel So Good
71,68IzxKvdUV0a6pgWbxSLeu,Growing Up,11,ugly duckling
72,5B1qX4IIndDU8YQXn64eBV,Growing Up,12,Face To Face (After Looking At)
73,4nMyJMbgs2g8ed3mcwgm7j,Growing Up,13,A Lost Child (ACOUSTIC VER.)
74,6zpiGeoHYRF5vtrboE3rAC,Growing Up,14,Well… (ROCK VER.)
75,41GBuYVdCtmzwS8JGVUATP,Growing Up,15,Boo (Instrumental)
76,4QpDArWvDAL74OWrz9l1ct,Growing Up,16,pitiful (Instrumental)
87,68EkhVWIeULhHxcbi1QhzK,OK ORCHESTRA,11,World's Smallest Violin
90,4NgsFDgvexIMJdvLsKKXeB,OK ORCHESTRA,1,OK Overture
91,1N2gWqKHFtPSZ0zgoCr8WK,OK ORCHESTRA,2,Bummerland
92,7JBORNKYEw0ubz6VyzS6DM,OK ORCHESTRA,3,3 O'Clock Things
93,3rJe5xdaNEuhvGzsldqVGv,OK ORCHESTRA,4,My Play
94,3V6lJbJdVTZCLVpuA8r72s,OK ORCHESTRA,5,Joe
95,0n56JNrFkvV9PobjydZiSa,OK ORCHESTRA,6,Adventure Is Out There
96,5FQPpxOXsvkMN6v18gtpwY,OK ORCHESTRA,7,Bang!
97,7yjLmLdjJHO8KLXm9U6gyq,OK ORCHESTRA,8,The Trick
98,3sBdf3nxnEC9e2GcdP9d3j,OK ORCHESTRA,9,Ordinaryish People (feat. Blue Man Group)
99,3H4ZrsDezaN37zplSpXUWd,OK ORCHESTRA,10,Humpty Dumpty
101,6g3XrmNrWVa33dZuxIhMbF,OK ORCHESTRA,12,Way Less Sad
102,4YyBL0KHcqo3LclmmMrl8g,OK ORCHESTRA,13,Christmas in June
105,03knpyVZLrGf7s0PnS2tNT,OK Orchestra,3,3 O'clock Things
108,08Pc5QQHr7mSaIx0SfbC2k,OK Orchestra,6,Adventure Is out There
128,4Mmu6UlLM5xA7wcSEVwUJW,OK ORCHESTRA,13,Christmas In June
137,2HYCCnLTeZUsAKv7l6fFmZ,OK ORCHESTRA,9,Ordinaryish People
142,5tVmNtMvCCABF6u2IyLLjX,Neotheater,1,Next Up Forever
143,7hBRNyuEkGR4qj5nTDGTry,Neotheater,2,Birthday Party
144,17FK4etx1u2NK60cptINMS,Neotheater,3,100 Bad Days
145,61vlvG3pr4djrXPtHPdXII,Neotheater,4,Don't Throw Out My Legos
146,4h1VLpsN8tl5J1c8nsrUCa,Neotheater,5,Break My Face
147,5MKfN1QC8ZWKeQGDFJSxaq,Neotheater,6,Turning Out Pt. ii
148,3HYgLawcb8IUGHHlHUQffN,Neotheater,7,The Entertainment's Here
149,3VygfAvvgVaJUeaBUSzlZu,Neotheater,8,Karma
150,4Z84bBOAu0dLVd2WimB3re,Neotheater,9,Beats
151,04gQHzS8FLPoNdnRKw4jDJ,Neotheater,10,"Wow, I'm Not Crazy"
152,4Dd0v2LBhMpqOwhmeU4yBJ,Neotheater,11,Dear Winter
153,392snxgncTS2SKFgz64Lj3,Neotheater,12,Finale (Can't Wait To See What You Do Next)
178,2c0YzXeDixaxkzk8Ubmy8n,Neotheater,1,Next up Forever
181,16qpENC4HvTWfwbVLXFsXS,Neotheater,4,Don't Throw out My Legos
183,5UYzdmMBbWp9vEnu9UjIEK,Neotheater,6,Turning out Pt. Ii
189,7ljUD8ZyiH3OnHtuyOKPGS,Neotheater,12,Finale (Can't Wait to See What You Do Next)
227,0TkJIyL69RAUIbNwGub6uR,The Click (Deluxe Edition),14,Burn The House Down
228,2sDjsX3RCmWXSxRntg7LXz,The Click (Deluxe Edition),15,Role Models
229,7elu8HJ9Wflc1hbuKxz966,The Click (Deluxe Edition),16,Normal
230,0Bxk3MUYZnmzflsoDNwSvW,The Click (Deluxe Edition),17,Pretender - Acoustic
244,4u8Gkqyg87iGSW3hQbbnQZ,The Click (Deluxe Edition),14,Burn the House Down
298,6IOqueKySssUtDYBiCvTh7,The Click (Deluxe Edition),17,Pretender (Acoustic)
300,0dgrFwOa0RrFzWcM0azTzx,The Click,2,The Good Part
325,5tRqpgla6zqUn78qx2nkOy,The Click,1,Overture
327,5DZwnLxHjWTZaz9jOpRhxb,The Click,3,Weak
328,5jiYx70OBzEI99jx1Gn3FN,The Click,4,Sober Up (feat. Rivers Cuomo)
329,6iUlQohL4sfM80J4DHidy7,The Click,5,Drama
330,1vJotCbvBmd3dd0vob8TQl,The Click,6,Turning Out
331,50tFz7Mcu04Pd6bi1FfXbr,The Click,7,No Grass Today
332,42CSNROh0FNSx04HxpXyue,The Click,8,Three-Thirty
333,7eVViKSEelv49Du8wQ2IkA,The Click,9,Call My Dad
334,2Ulnsoz9xPe1GO6vQh3x3m,The Click,10,I'm Not Famous
335,2fmlkobTesiSyyzVYa6nkX,The Click,11,Netflix Trip
336,4qvrdCZM49KR1nSHaYCiQ6,The Click,12,Bud Like You
337,0ouGDyldWWfeqfTYxX1bTZ,The Click,13,Come Hang Out
341,6dHCM9pW4xvyhbKWkBdmed,The Click,4,Sober Up
351,5TshTIGten6gMBMf8lgbf0,Viva Las Vengeance,1,Viva Las Vengeance
352,18Lvxsm4l6noRNjQW8nS4b,Viva Las Vengeance,2,Middle Of A Breakup
353,2Tg7Tc4H50u11aDpmSRQTB,Viva Las Vengeance,3,Don't Let The Light Go Out
354,2RQ0D9N823H0WT1vSy74RM,Viva Las Vengeance,4,Local God
355,0nf90XrbSz8QJ0RJzyzyD3,Viva Las Vengeance,5,Star Spangled Banger
356,43wVj2ZOEyhIKWKBJWdxT2,Viva Las Vengeance,6,God Killed Rock And Roll
357,61aS3LDHi60ZZr3ZpHG2AP,Viva Las Vengeance,7,Say It Louder
358,5SJdekNLV0K53bTxkP3tyq,Viva Las Vengeance,8,Sugar Soaker
359,5j5C6VYjXlzXRzpY9liMC6,Viva Las Vengeance,9,Something About Maggie
360,6dXgd9fAFuvPZClNaldbLe,Viva Las Vengeance,10,Sad Clown
361,1bk4BhmfH3H9vsBSheCZAP,Viva Las Vengeance,11,All by Yourself
362,0HoAVYfPiPE8NZg7u6aHBT,Viva Las Vengeance,12,Do It To Death
363,3BDxv4ORzOpXAsa4lWVl4i,Pray for the Wicked,1,(Fuck A) Silver Lining
364,76vMKwFtdDDCLcM6zXybjB,Pray for the Wicked,2,Say Amen (Saturday Night)
365,22oEJW6r2rMb9z4IntfyEa,Pray for the Wicked,3,"Hey Look Ma, I Made It"
366,1rqqCSm0Qe4I9rUvWncaom,Pray for the Wicked,4,High Hopes
367,0wdV94AXGRphrbkDWLNzVC,Pray for the Wicked,5,Roaring 20s
368,6PFoEnjp0PAe5siGswjH9i,Pray for the Wicked,6,Dancing's Not a Crime
369,5trCWbYtza0QUxdmF9HAPX,Pray for the Wicked,7,One of the Drunks
370,4hUR3thIs01mQUtVmZFJ8F,Pray for the Wicked,8,The Overpass
371,50Hv5NZIM0puIUoBttjpfb,Pray for the Wicked,9,King of the Clouds
372,18ULKfQl3KpCnklAKFfO2t,Pray for the Wicked,10,Old Fashioned
373,18xmRkPWE0sGUzFyNNAAhN,Pray for the Wicked,11,Dying in LA
374,6cum9a3BtaYIBTPrmqsGdd,All My Friends We're Glorious: Death of a Bachelor Tour Live,1,"Don't Threaten Me with a Good Time - Live at Amway Center, Orlando, FL, 4/14/2017"
375,41HszkNfEE8OKbqermRsgm,All My Friends We're Glorious: Death of a Bachelor Tour Live,2,"LA Devotee - Live at Amway Center, Orlando, FL, 4/14/2017"
376,1tdX9EEKLg4we2BBf8mWzu,All My Friends We're Glorious: Death of a Bachelor Tour Live,3,"Ready to Go (Get Me Out of My Mind) - Live at Amway Center, Orlando, FL, 4/14/2017"
377,02d3MXxsO0AP3DsoJGOaIt,All My Friends We're Glorious: Death of a Bachelor Tour Live,4,"Golden Days - Live at Amway Center, Orlando, FL, 4/14/2017"
378,5lHxUGPPC3wtZH8UQxsFr7,All My Friends We're Glorious: Death of a Bachelor Tour Live,5,"Vegas Lights - Live at Amway Center, Orlando, FL, 4/14/2017"
379,7wnYW5zboAaiHE5KBaVc0Z,All My Friends We're Glorious: Death of a Bachelor Tour Live,6,"A Fever You Can't Sweat Out Medley - Live at Amway Center, Orlando, FL, 4/14/2017"
380,68wbhtYYm11CSO7cZVjfEx,All My Friends We're Glorious: Death of a Bachelor Tour Live,7,"Hallelujah - Live at Amway Center, Orlando, FL, 4/14/2017"
381,7HzfAGGKnYVEHVsdkGUbXu,All My Friends We're Glorious: Death of a Bachelor Tour Live,8,"Nine in the Afternoon - Live at Amway Center, Orlando, FL, 4/14/2017"
382,49heun7OiWwsdhUyoukbBV,All My Friends We're Glorious: Death of a Bachelor Tour Live,9,"Miss Jackson - Live at Amway Center, Orlando, FL, 4/14/2017"
383,3ZvAEbxNItDMXcqbIkC5zc,All My Friends We're Glorious: Death of a Bachelor Tour Live,10,"This Is Gospel - Live at Amway Center, Orlando, FL, 4/14/2017"
384,3VxIsNkzxWQA8sPUT13qeb,All My Friends We're Glorious: Death of a Bachelor Tour Live,11,"Death of a Bachelor - Live at Amway Center, Orlando, FL, 4/14/2017"
385,14u56kXmNRjyWJI28qj4qg,All My Friends We're Glorious: Death of a Bachelor Tour Live,12,"The Ballad of Mona Lisa - Live at Amway Center, Orlando, FL, 4/14/2017"
386,4ub0WswLOa1xf8LMtc03ZS,All My Friends We're Glorious: Death of a Bachelor Tour Live,13,"Movin' Out (Anthony's Song) - Live at Amway Center, Orlando, FL, 4/14/2017"
387,7mZ1A9pbWPvIAkbvcvFgdG,All My Friends We're Glorious: Death of a Bachelor Tour Live,14,"Emperor's New Clothes - Live at Amway Center, Orlando, FL, 4/14/2017"
388,3GHDGjWdd8gL6gRvoQAcuD,All My Friends We're Glorious: Death of a Bachelor Tour Live,15,"Nicotine - Live at Amway Center, Orlando, FL, 4/14/2017"
389,3Xqk2oXSwyCamRW58w6p0O,All My Friends We're Glorious: Death of a Bachelor Tour Live,16,"Crazy = Genius - Live at Amway Center, Orlando, FL, 4/14/2017"
390,4H8LoXbgzwbPotHKaxSH6o,All My Friends We're Glorious: Death of a Bachelor Tour Live,17,"Let's Kill Tonight - Live at Amway Center, Orlando, FL, 4/14/2017"
391,4M7dn3CxwfaUfEZpS4yXj8,All My Friends We're Glorious: Death of a Bachelor Tour Live,18,"Girls / Girls / Boys - Live at Amway Center, Orlando, FL, 4/14/2017"
392,5FEV9pypGEx6ndrF3V0cX9,All My Friends We're Glorious: Death of a Bachelor Tour Live,19,"Bohemian Rhapsody - Live at Amway Center, Orlando, FL, 4/14/2017"
393,15f1eR2oh2fiXLgod096wF,All My Friends We're Glorious: Death of a Bachelor Tour Live,20,"I Write Sins Not Tragedies - Live at Amway Center, Orlando, FL, 4/14/2017"
394,68lKzbhZAMxsDJfYWgjjYf,All My Friends We're Glorious: Death of a Bachelor Tour Live,21,"Victorious - Live at Amway Center, Orlando, FL, 4/14/2017"
395,6od5hFv9IT5JHc7NEF9HRv,Death of a Bachelor,1,Victorious
396,2fh3bZ8jZhMxOcfESE9nQY,Death of a Bachelor,2,Don't Threaten Me with a Good Time
397,6TzJLISIitIzn1WtjDY0Op,Death of a Bachelor,3,Hallelujah
398,3px2rAPu74ltbkf9eZsZ8h,Death of a Bachelor,4,Emperor's New Clothes
399,1BECwm5qkaBwlbfo4kpYx8,Death of a Bachelor,5,Death of a Bachelor
400,6V68ItawQkQlZhYIf1S86C,Death of a Bachelor,6,Crazy = Genius
401,2fmCA13dwQQOGBIbIOWRiJ,Death of a Bachelor,7,LA Devotee
402,3fwKVZ73y7UUGMyR6rVCRa,Death of a Bachelor,8,Golden Days
403,5eoZTdiq4C4aoEfUwAN0ha,Death of a Bachelor,9,"The Good, the Bad and the Dirty"
404,2DgdHcjWmO3qd50RzuBLgZ,Death of a Bachelor,10,House of Memories
405,5j9yOfRB2s6OMS1YwwYiMw,Death of a Bachelor,11,Impossible Year
406,3yZQk5PC52CCmT4ZaTIKvv,"Too Weird to Live, Too Rare to Die!",1,This Is Gospel
407,46Kcradxrva9Dny4lHU1b3,"Too Weird to Live, Too Rare to Die!",2,Miss Jackson (feat. LOLO)
408,0zewUY3RSh8yaV7q66Okem,"Too Weird to Live, Too Rare to Die!",3,Vegas Lights
409,1ozYwEeDttK6iWc1yQS8c4,"Too Weird to Live, Too Rare to Die!",4,Girl That You Love
410,5Q4H1XkVHxQjnrHCUpS61d,"Too Weird to Live, Too Rare to Die!",5,Nicotine
411,2wEjPgOCEczmjlvq60LyQi,"Too Weird to Live, Too Rare to Die!",6,Girls / Girls / Boys
412,2zkXavDV9dw8uR0pfhsBt2,"Too Weird to Live, Too Rare to Die!",7,Casual Affair
413,4NTL7fT4eqfPao94lmqth2,"Too Weird to Live, Too Rare to Die!",8,Far Too Young to Die
414,1zN3CZlafjfEiMR9uXQGrW,"Too Weird to Live, Too Rare to Die!",9,Collar Full
415,78tro1rpoxmqjbjiRRRzoH,"Too Weird to Live, Too Rare to Die!",10,The End of All Things
426,4LASwcEKtUCW7bpohKmBPR,Vices & Virtues,11,I Wanna Be Free
427,7og3LSXygGBzH5CAj14lxs,Vices & Virtues,12,Turn Off the Lights
428,5rLi8B8qgk6qThwRnKHW2P,Vices & Virtues,1,The Ballad of Mona Lisa
429,14uvyd51Ha7FihKHlOtUig,Vices & Virtues,2,Let's Kill Tonight
430,7l9uOhfVJC8Y0c6PXHrgbs,Vices & Virtues,3,Hurricane
431,0k8tcDGLSqUQAeuoOaUJj2,Vices & Virtues,4,Memories
432,62lc21zAcKWs11pbSOabO9,Vices & Virtues,5,Trade Mistakes
433,7m4HUtdXRUHEitLIqbVWxf,Vices & Virtues,6,Ready to Go (Get Me Out of My Mind)
434,5VL7pScLlKe4MbB8EAivgA,Vices & Virtues,7,Always
435,1qRKyMsn18kuIIP25W9byL,Vices & Virtues,8,The Calendar
436,00h6syYCxPKVsInPHXhdZ1,Vices & Virtues,9,Sarah Smiles
437,2KA3lvDwQQiyvuJJvzifGL,Vices & Virtues,10,Nearly Witches (Ever Since We Met...)
448,4U143whRelbK24Wj8UFx20,Vices & Virtues (Deluxe Edition),11,Stall Me
449,2bJWZ16Bx5yqN3m9zgB65L,Vices & Virtues (Deluxe Edition),12,Oh Glory - Demo [Bonus Track]
450,3d8mQn6nZq003tRRMekRFX,Live in Chicago,1,"We're So Starving - Live at Congress Theater, Chicago, IL, 2008"
451,641eTjClhfoX0qHDoXbic8,Live in Chicago,2,"Nine in the Afternoon - Live at Congress Theater, Chicago, IL, 2008"
452,7AuX2oLxWT6skMXtBus0jL,Live in Chicago,3,"But It's Better If You Do - Live at Congress Theater, Chicago, IL, 2008"
453,0F27M27PhMrsEIfMNOG73k,Live in Chicago,4,"Camisado - Live at Congress Theater, Chicago, IL, 2008"
454,7yWH251p5zsOmv6srU1McM,Live in Chicago,5,"She's a Handsome Woman - Live at Congress Theater, Chicago, IL, 2008"
455,1kWmeGAStssgKW1PPPefY1,Live in Chicago,6,"The Only Difference Between Martyrdom and Suicide Is Press Coverage - Live at Congress Theater, Chicago, IL, 2008"
456,5d5jXhgaOF5yBTJbE2791y,Live in Chicago,7,"Behind the Sea - Live at Congress Theater, Chicago, IL, 2008"
457,1IO0vmLJC3xjZK1f9VVX2K,Live in Chicago,8,"Lying Is the Most Fun a Girl Can Have Without Taking Her Clothes Off - Live at Congress Theater, Chicago, IL, 2008"
458,5F4YeuJPBERnEtpfRb9jFV,Live in Chicago,9,"I Constantly Thank God for Esteban - Live at Congress Theater, Chicago, IL, 2008"
459,2qW71gsv6Vv9enc3QxQr4N,Live in Chicago,10,"That Green Gentleman (Things Have Changed) - Live at Congress Theater, Chicago, IL, 2008"
460,0RMOeUWeNDQsAXeq48VF5N,Live in Chicago,11,"There's a Good Reason These Tables Are Numbered Honey, You Just Haven't Thought of It Yet - Live at Congress Theater, Chicago, IL, 2008"
461,1U3rea2stRYGW5dhxA4lzK,Live in Chicago,12,"Folkin' Around - Live at Congress Theater, Chicago, IL, 2008"
462,2c372AGbMIeDFrIfrYP1oD,Live in Chicago,13,"I Write Sins Not Tragedies - Live at Congress Theater, Chicago, IL, 2008"
463,5yBwtNMXAz8yyfd4re8I8m,Live in Chicago,14,"Northern Downpour - Live at Congress Theater, Chicago, IL, 2008"
464,4GbQrx3dxvAM0bQC2WZWms,Live in Chicago,15,"Time to Dance - Live at Congress Theater, Chicago, IL, 2008"
465,5vVyyb0t7HERUIq5tjqIg5,Live in Chicago,16,"Pas de Cheval - Live at Congress Theater, Chicago, IL, 2008"
466,4oZPT2hnige3dpyYttnmcV,Live in Chicago,17,"Mad as Rabbits - Live at Congress Theater, Chicago, IL, 2008"
467,4r8CEZMtp9iElxnw07AXHJ,Live in Chicago,18,Do You Know What I'm Seeing? - Alternate Version
468,0E56lu4IOGOhygjIPC2r1r,Live in Chicago,19,Behind the Sea - Alternate Version
469,5u0tZTbEUR43UZhwQyKsW4,Live in Chicago,20,She Had the World - Alternate Version
470,19F8SL0eDcQDfvJHMil00f,Live in Chicago,21,The Piano Knows Something I Don't Know - Alternate Version
486,59kTVUKhpcFw9zMLPSbFvH,Pretty. Odd.,16,Nine in the Afternoon
487,4cpvL9PzBnQjinE5wCo3By,Pretty. Odd.,1,We're So Starving
488,1S30kHvkkdMkcuCTGSgS41,Pretty. Odd.,2,Nine in the Afternoon - Single Mix
489,3vl6Lv6TZO429Z2bBwCiZk,Pretty. Odd.,3,She's a Handsome Woman
490,1ac22sFSlj3iaQV2qAsFkK,Pretty. Odd.,4,Do You Know What I'm Seeing?
491,2d1D1E8M48hHE99u6BO8RN,Pretty. Odd.,5,That Green Gentleman (Things Have Changed)
492,4E1R0vG10ed0wDhjn09kTG,Pretty. Odd.,6,I Have Friends in Holy Spaces
493,49SL9f1Kz73p0bzsNPTY4l,Pretty. Odd.,7,Northern Downpour
494,7v1b3qExlTFrpFWrtcnUpE,Pretty. Odd.,8,When the Day Met the Night
495,3AYlkW7zXQWjaIlSjkRHES,Pretty. Odd.,9,Pas de Cheval
496,7mUIArtwutOJoJ4rF3r0ZD,Pretty. Odd.,10,The Piano Knows Something I Don't Know
497,6T2VGjZgDtJNC6t1yYYcOP,Pretty. Odd.,11,Behind the Sea
498,7bNQvH1gTydxfIetHX3WGC,Pretty. Odd.,12,Folkin' Around
499,673WCjn0SxKJD4qRKczaCk,Pretty. Odd.,13,She Had the World
500,2x8Ljij15QYLZMwYZWwiLH,Pretty. Odd.,14,From a Mountain in the Middle of the Cabins
501,6BlNWpXnsONi1ieRt0Jzsh,Pretty. Odd.,15,Mad as Rabbits
502,0JSnEZMwlEcq5eKiyZvy4F,A Fever You Can't Sweat Out,1,Introduction
503,4WdopfTdSd0nCLropjhsgH,A Fever You Can't Sweat Out,2,The Only Difference Between Martyrdom and Suicide Is Press Coverage
504,0N90pptABhFyr1axONlIEB,A Fever You Can't Sweat Out,3,London Beckoned Songs About Money Written by Machines
505,5VHwEHR0IfvV4f7V7o0qnt,A Fever You Can't Sweat Out,4,"Nails for Breakfast, Tacks for Snacks"
506,2hgkutEHVmJRg7drAJAFHi,A Fever You Can't Sweat Out,5,Camisado
507,4C2i4NymWRem1LOVEqwWV6,A Fever You Can't Sweat Out,6,Time to Dance
508,5eB7w8UZJKjL5XmnC6Pctg,A Fever You Can't Sweat Out,7,Lying Is the Most Fun a Girl Can Have Without Taking Her Clothes Off
509,51iSSDPQFolRBhtS9rAbeg,A Fever You Can't Sweat Out,8,Intermission
510,2ZqTtndqAZDRAWw2vgZwQK,A Fever You Can't Sweat Out,9,But It's Better If You Do
511,4bPQs0PHn4xbipzdPfn6du,A Fever You Can't Sweat Out,10,I Write Sins Not Tragedies
512,3obggbhnOjjnytaGM1hpDR,A Fever You Can't Sweat Out,11,I Constantly Thank God for Esteban
513,4xSVkbqCz1xaevkjP8xXL5,A Fever You Can't Sweat Out,12,"There's a Good Reason These Tables Are Numbered Honey, You Just Haven't Thought of It Yet"
514,4rstj4vgkFq49R2VV0fbxX,A Fever You Can't Sweat Out,13,"Build God, Then We'll Talk"
541,7HlzIJ8I7tJilMgT90mGQK,King Size Manger,1,Angels We Have Heard On High
542,3dBFZ9vADIjRXhzMJMOKWk,King Size Manger,2,What He's Given Me
543,0fC0IEFPXWShlWIu5fEdHb,King Size Manger,3,King Size Manger
544,7M28PxLdPdoPpIS94laX9Z,King Size Manger,4,Joy To The World
545,3gYs1zYhSpke9KUfJS4unl,King Size Manger,5,Soldier's Gift
546,70HtAbnqc03H6c2TQL7dHB,King Size Manger,6,Have Yourself A Merry Little Christmas
547,6WCQlpGxTLFFrUW8sVokUK,King Size Manger,7,Go Tell It On The Mountain
548,01kdnx8hyrys1jHLygSV82,King Size Manger,8,Mele Kalikimaka My 'Ohana
549,2GceR6BEm9E9NibUhf01t7,King Size Manger,9,The First Nowell
550,4QK3jKiMn1l6yXn8557j5P,King Size Manger,10,Santa Claus Is Comin' To Town
551,6yx81kbszMIXUdo8DWXiOr,King Size Manger,11,"Silent Night, Holy Night"
563,4IlW2YGqsaAfhTiSKHnWqF,Your Man (Deluxe Edition),12,"Your Man - Live In Kansas City, MO/2012"
564,1MFuDWPNldoMG0pUwGKzjZ,Your Man (Deluxe Edition),13,"Would You Go With Me - Live In Plant City, FL/2012"
565,7JsoQCCybQirTn26wANXx5,Your Man (Deluxe Edition),14,"Me And God - Live In Key Largo, FL/2012"
566,0WGSf4JIBvXNOBR94pEH0G,Country State Of Mind,1,I'm No Stranger To The Rain
567,4mv7JDMxSbLykdPmJiWwlR,Country State Of Mind,2,I've Got It Made
568,25OnNQJNBJgGDxmi4AUN6F,Country State Of Mind,3,Why Me
569,34rlsqUJscdfMfqoQ7dTwo,Country State Of Mind,4,Country State Of Mind
570,4nreADGJwLw5TLu9362zNT,Country State Of Mind,5,I Can Tell By The Way You Dance
571,1YcKbVk8MnIRZ6wcZjVqjH,Country State Of Mind,6,Alone And Forsaken
572,17BbthWRrVc1kukJua4uh5,Country State Of Mind,7,"Forever And Ever, Amen"
573,5vlYmG9aEOVjKn3YDeYYcb,Country State Of Mind,8,Midnight In Montgomery
574,7Fzs6h52PxmVuBmNQeKq2l,Country State Of Mind,9,Good Ol' Boys - Theme From The Dukes Of Hazzard
575,5QKZlkaSOqZM07tcrQ3cU9,Country State Of Mind,10,You Don't Seem To Miss Me
576,6lgkCQih1myunB65O4QU5U,Country State Of Mind,11,Desperately
577,1FvgPz2NyoHRf9z9TwYYOV,Country State Of Mind,12,The Caretaker
590,7a3vvXVbj041TiURsypQqo,I Serve A Savior,13,Without Him - Acoustic Performance From Blackbird Studio
591,6zmEGMa03Fp4Bdxn5z1F8l,I Serve A Savior,14,I Serve A Savior - Acoustic Performance From Blackbird Studio
592,3S0dPaZYCax8OnwTFEoEPw,I Serve A Savior,1,I Saw The Light
593,3UdSwtPZFPnxEpCNbWiMaL,I Serve A Savior,2,I Pray My Way Out Of Trouble
594,54Ovjo7M8BD6BHM3ghODI8,I Serve A Savior,3,Great Is Your Faithfulness
595,5G0q9DjioqqgxIY54QngYJ,I Serve A Savior,4,"Swing Low, Sweet Chariot"
596,0x1BZjxlyqVK80lWoXiVcW,I Serve A Savior,5,Without Him
597,6bbCmkbeIFlq3ZWHXz3MyR,I Serve A Savior,6,I Serve A Savior
598,3YmznXHaBDA0CrH9UFGOhW,I Serve A Savior,7,How Great Thou Art
599,3kInPmrA3yBZ6VlmuHAB6W,I Serve A Savior,8,The River (Of Happiness) - Live From Gaither Studios
600,3dfvMS6YVRqsms7JnMD6Ia,I Serve A Savior,9,Amazing Grace
601,4DiguinYnvczTZyJmf5TEZ,I Serve A Savior,10,Long Black Train - Live From Gaither Studios
602,2IcbF2PTKmlyibAr0fkdva,I Serve A Savior,11,Doxology
603,4qxyFAM8gwoJEIrtuHdC5E,I Serve A Savior,12,Me And God - Live From Gaither Studios
604,0MVWxE7RIYMDt8JPC2vLNF,Deep South,1,Deep South
605,3g5IVCUGoWESgJ7mb2kXmM,Deep South,2,All About You
606,5C6uh95eAL0RBTSGXKQwvk,Deep South,3,Hometown Girl
607,0rO0JuXKp2N46YIQb3mcvv,Deep South,4,Beach Bums
608,01DbOUlA8tfhNiXQfseZ8c,Deep South,5,Southern Drawl
609,3tXZIYY3bPOEqobVhBMesl,Deep South,6,Where The Girls Are
610,5z5RJbZqDRYOgaMU6RetVk,Deep South,7,Never Had A Reason
611,2OelwYeIjHdcCwEI6KWidw,Deep South,8,Wonder
612,2F9QTlsXl3qubwUl6ThDSD,Deep South,9,One Like Mine
613,5CdOqNxkQ7054Rp86f5OWi,Deep South,10,Lay Low
614,3sfJWJGS5SPnHn731ueoRi,Deep South,11,Hawaiian Girl
620,7M3E4w0Rb9nIl7H9WsHOKI,Deep South,6,Where the Girls Are
621,1YPOk0AWspViN1hU4XuSyo,Deep South,7,Never Had a Reason
626,71zpOJq82bGmajfphCPUSg,Live Across America,1,"All Over Me - Live In Biloxi, MS/2012"
627,5VD1hcVdVOds9REsCnuTo1,Live Across America,2,"Firecracker - Live In Lancaster, PA/2012"
628,38ySVdGtVQDaSZabPGWcDt,Live Across America,3,"Everything Is Fine - Live In Knoxville, TN/2012"
629,45yeKoHT5q9IiPUJVQ8byK,Live Across America,4,"So Not My Baby - Live In Lake Charles, LA/2012"
631,4FvZiNhywT85GgeS5JSlwr,Live Across America,6,"Long Black Train - Live In Austin, TX/2012"
632,1qu4Abu9mQAHcxwC8ziUiQ,Live Across America,7,"I Wouldn't Be A Man - Live In Savannah, GA/2012"
634,6qmuLkdiI0VjYtrlUe8AFZ,Live Across America,9,"Another Try - Live In Atlanta, GA/2012"
636,3msOuJFjj0MAroctDdODCA,Live Across America,11,"America - Live In Charlottesville, VA/2012"
637,40nqIYY57Y5mtqNMpviehi,Live Across America,12,"Why Don't We Just Dance - Live In Atlantic City, NJ/2012"
638,55xCDZ9CgWN5jN7rr3iJej,Muve Sessions: Punching Bag,1,Punching Bag - Commentary
640,098NQd6x32MeKQGILodzzH,Muve Sessions: Punching Bag,3,Time Is Love - Commentary
642,2d3BpEgVmbpP04Z6fvEnDH,Muve Sessions: Punching Bag,5,Deeper Than My Love - Commentary
644,0g5fSZhhofKb6LuLGPOdiv,Muve Sessions: Punching Bag,7,Good Problem - Commentary
646,5BVr3bS9jfSgi26EGGj9FL,Muve Sessions: Punching Bag,9,Cold Shoulder - Commentary
648,2WhvrKHJ3Kf6YDKqBvBLPV,Muve Sessions: Punching Bag,11,Find Me A Baby - Commentary
650,4uYCylUHRqdlC7sf0SieUQ,Muve Sessions: Punching Bag,13,Whatcha Reckon - Commentary
652,6i4CS2Nb3vzVBfQZ6MhEL1,Muve Sessions: Punching Bag,15,Pallbearer - Commentary
654,6XoMWE1DpEh0sOJVwnWvhb,Muve Sessions: Punching Bag,17,For The Love Of God - Commentary
656,428wsd0rPr22AdVP3r5AbP,Muve Sessions: Punching Bag,19,I Was There - Commentary
658,07qCUMR3kJW3kChOc01xnb,Muve Sessions: Punching Bag,21,Left Hand Man - Commentary
660,19Hq8Sorwm7Rim0Ii5NzOT,Punching Bag,1,Introduction (Josh Turner/Punching Bag) - Introduction by Michael Buffer
661,7MqP1ainWXxLPt64RS5eRq,Punching Bag,2,Punching Bag
662,2rg3yLJKN5Yl4JCHHkMgeC,Punching Bag,3,Time Is Love
663,0StlD9CrKwIS41byzRWAao,Punching Bag,4,Deeper Than My Love
664,0iUh3Oja6uTPyAOUCCLl7r,Punching Bag,5,Good Problem
665,5u0GfZanqNtjFWx1iZq8gc,Punching Bag,6,Cold Shoulder
666,7uZ1Q3XhcDDdPr6Wjn2JbY,Punching Bag,7,Find Me A Baby
667,5hot2LA4VKND8CwnvLw2uu,Punching Bag,8,Whatcha Reckon
668,54Q4pSogxO527PZuf8NHpo,Punching Bag,9,Pallbearer
669,0KjlHsHYeY7CVKrM8ZW3yZ,Punching Bag,10,For The Love Of God
670,7AG9QIqNVkL3nnffUtAUrJ,Punching Bag,11,I Was There
671,5DDZqQYUSQB5u8zNJPz6c3,Punching Bag,12,Left Hand Man
698,0nDK3QHdQBSswBLt5rflrW,Haywire,12,This Kind Of Love (Overcut)
699,0GH0AaZpG18mkpFHXSnbgw,Haywire,13,Let's Find A Church (Bonus Track)
700,31izt9inzmuPAVi80rH0gu,Haywire,14,Long Black Train (Live In Ohio)
701,5qn17LXVpzXXwIIU4xmp8q,Haywire,15,Your Man (Live In Ohio)
704,5LKOCNFiOVPDz0EAcfE1v6,Haywire (Deluxe Edition),3,Haywire
705,5PjpIjrejmldJosUT8ARfC,Haywire (Deluxe Edition),4,Your Smile
706,66PKRNP4bNGkBS7OvNgEav,Haywire (Deluxe Edition),5,Lovin' You On My Mind
707,1d6zjUxTZEpkr34sdYbvE8,Haywire (Deluxe Edition),6,As Fast As I Could
708,4UrH5D3n7wzlaRivBBZgQ6,Haywire (Deluxe Edition),7,I'll Be There
710,4HCXFTi2AVkH0SpZKNCBfa,Haywire (Deluxe Edition),9,Eye Candy
711,4efulcRC3xYFaxT0D6Gx2s,Haywire (Deluxe Edition),10,Friday Paycheck
712,0PlkzWPMGLofwODbJZlrvP,Haywire (Deluxe Edition),11,The Answer
713,3rGC3cd3VxQ1DzMnmhrFra,Haywire (Deluxe Edition),12,This Kind Of Love
714,6yZNxrhXaY2NmtHwdnMlG4,Haywire (Deluxe Edition),13,Let's Find A Church
715,0ru7K5zBrQkXZ9SwCjLkfR,Haywire (Deluxe Edition),14,Long Black Train - Live In Ohio/2009
716,0Rf194SGlahVwho1MUtA12,Haywire (Deluxe Edition),15,Your Man - Live In Ohio/2009
717,2p07VcUwRZ5sru3mJ0JogS,Haywire,1,Why Don't We Just Dance
718,3ga3cmO4mb9dMhysyJUEaH,Haywire,2,I Wouldn't Be A Man
724,1s8DkdE3uOWrGU7vonKrbK,Haywire,8,All Over Me
728,3nExEFafPGzCsoiMcbnqlk,Everything Is Fine,1,Everything Is Fine
729,5JtRN8PCpxoL03vnIpZXc7,Everything Is Fine,2,Firecracker
730,776wdb7j6xJuLJDVay0zww,Everything Is Fine,3,Another Try
731,1e34AdVRKnPtvCuQv6nRlW,Everything Is Fine,4,So Not My Baby
732,1uvhSPYyu9pSoePgGYsiXL,Everything Is Fine,5,Trailerhood
733,67yQJ9I3lkIOoyo07gpdHv,Everything Is Fine,6,"Baby, I Go Crazy"
734,5CEShjK3uYlUoH9tPpgk5w,Everything Is Fine,7,Nowhere Fast
735,28D6PIpUgRxhix4Hbhy1ly,Everything Is Fine,8,The Longer The Waiting
736,2BxkW4S2t2QJwYuStXhDyP,Everything Is Fine,9,One Woman Man
737,1Tlu6pGBAlvG2pybZQZH0t,Everything Is Fine,10,Soulmate
738,4r16M8BzgI45VgpePvXYbV,Everything Is Fine,11,The Way He Was Raised
739,0Jcw5iId8lvWD2kufa7rgZ,Everything Is Fine,12,South Carolina Low Country
740,1KhrAWvLIjRlQIJtSTgvsi,Your Man,1,Would You Go With Me
741,7M0f1c8q0Uc0L3qfcX9vre,Your Man,2,Baby's Gone Home To Mama
742,4soNSWFteIzKJfw9uwcwRz,Your Man,3,No Rush
743,1WzAeadSKJhqykZFbJNmQv,Your Man,4,Your Man
744,26tLhSTPxv3U6GUIrLcmTj,Your Man,5,Loretta Lynn's Lincoln
745,4kGibHPFoPpmUcIY4fERcg,Your Man,6,White Noise
746,61nYUQyTKEGqy8Rqwlbxrb,Your Man,7,Angels Fall Sometimes
747,12Fg37kA2dUqVliuOli2cB,Your Man,8,Lord Have Mercy On A Country Boy
748,2lfBuEVBgvKLAkcypn68VD,Your Man,9,Me And God
749,58aN5QHWWH9tfCqOPQacEB,Your Man,10,Gravity
750,5KticKA5xheCxxf01jJ9Si,Your Man,11,Way Down South
758,2HqCaO7BV010qXS5FuiTED,Long Black Train,1,Long Black Train
759,7m3uurpa37PbjVDtqxdAFB,Long Black Train,2,In My Dreams
760,6t0EGwKbYrDMwht659TDAp,Long Black Train,3,What It Ain't
761,1Kdf7mtR6PF0ZMMdaHEmAX,Long Black Train,4,I Had One One Time
762,53QSUnFzSiDpiPdjNt8QA0,Long Black Train,5,Jacksonville
763,4O0RMkeYFhMeqZHYVXVvts,Long Black Train,6,Backwoods Boy
764,4D2PPscabmwAlwtsFd4ZaO,Long Black Train,7,Unburn All Our Bridges
765,0xPiZIWqnVwSdezqWFYPct,Long Black Train,8,You Don't Mess Around With Jim
766,7IX371JFVHxa7uDcZpo7Hz,Long Black Train,9,She'll Go On You
767,3iIU9H1RI6zXp9DZtQVGUu,Long Black Train,10,Good Woman Bad
768,5w7486KEvszSIWMeTgdY4X,Long Black Train,11,The Difference Between A Woman And A Man
769,49jIwnU0pAUWorDG4ahISg,"Bare&Rare, Pt. 1",1,XXXX
770,6TzU11huC8Hz4FVEsvCeE7,"Bare&Rare, Pt. 1",2,Sparkling
771,4cZvTWcgPyHx2eZb0ruyX3,"Bare&Rare, Pt. 1",3,Louder
772,0oUK4m2wNIBPfejlcB1N9k,"Bare&Rare, Pt. 1",4,Crazy Like You (feat. BIBI)
773,3ulIMvCtahvAmAQHcCbDFs,"Bare&Rare, Pt. 1",5,California Dream
774,12QoF5mIoZ1ZrVZFoc2Nwl,"Bare&Rare, Pt. 1",6,Good Night My Princess
775,1zFT6Z2zT4Z4kUFnerd9lE,"Bare&Rare, Pt. 1",7,Love Me Out Loud
776,0um5z70pgfggfEzkhQuspz,"Bare&Rare, Pt. 1",8,Nuh-Uh
780,0PehwgVlTpyYIbMYG1HIuo,Bare&Rare Pt.1,4,Crazy Like You (Feat. BIBI)
793,79P9mBMhyd1hxWwDhv3NbF,Querencia,1,SIDE A {NOBLE}
794,7wDVvxMUdW5MtJUqFtuXUz,Querencia,2,Bicycle
795,0AABiBAIYQCMpLI0ODbDDL,Querencia,3,Masquerade
796,34v3Sm3KEc7DtGPP50jyrl,Querencia,4,Flying on Faith
797,6j2Tpn3qQS2BLPNwytsefO,Querencia,5,Luce Sicut Stellae
798,3bua7i9SBgMf0dzeR4ET1n,Querencia,6,SIDE B {SAVAGE}
799,7Cn6R7YB4EjQkfci9DdceG,Querencia,7,Stay Tonight
800,1d8Arh7PushRWWJRs41rSa,Querencia,8,Dream of You (with R3HAB)
801,3t4ozuyQ2OidVwuG08FHBn,Querencia,9,Bother Me
802,4yWgTBYmJGnQKn63S9GUbf,Querencia,10,Chill
803,7emNPKzuFwzqfXoKAnJR38,Querencia,11,SIDE C {UNKNOWN}
804,6UM5HKVVm1cjOQhUJB4Ft3,Querencia,12,PLAY (feat. Changmo)
805,0NhHFXC06r5kK1rTUuOjxM,Querencia,13,Demente (feat. Guaynaa)
806,0YxrpGXvAX6RsvdwRky6qN,Querencia,14,Lemon (feat. Colde)
807,0Ric2EfmVW0Xlz35v5ucMx,Querencia,15,BYULHARANG (160504 + 170607)
808,6PlBRsX5Nr6eq27UDXVTf5,Querencia,16,SIDE D {PLEASURES}
809,4IQaBvlHjZrpZrIKWXuBxh,Querencia,17,X
810,4CGmwiG8f9QqMYz33fxSzs,Querencia,18,All Night Long
811,2UcC7n5jG6QMtOE0Zxznpm,Querencia,19,Everybody Has
812,5FANrx0S8OLZrHiG8OpvVB,Querencia,20,Come N Goes
813,6WKRso2bBkl1GR5ChIT8K1,Querencia,21,Querencia (Epilogue)
822,1vqxg9upfP0DIuHk2i7CTZ,Querencia,9,짜증 나게 만들어
823,3OtzhqcPDbKD4YF17JTqYx,Querencia,10,Chill해
825,4HVbYWhMJhrdROgwNgzvQJ,Querencia,12,PLAY
826,0QWUoMvXvUeqaNzRX5r8xP,Querencia,13,Demente
827,0LTntYILuGjlJ2AsGo4Mey,Querencia,14,Lemon
828,1HYYVCSDlx7FFgFf0urioK,Querencia,15,별하랑 (160504 + 170607)
830,03thGoAmhGXCCbMaUvPxZz,Querencia,17,X (걸어온 길에 꽃밭 따윈 없었죠)
832,1iMrWWq83B2FxZLXRi8g1u,Querencia,19,솔직히 지친다
833,31oxM9aRg1RltU7BtzLMS2,Querencia,20,Comes N Goes
835,6qNALlmZa1ESnCxJmXE1K9,Voicenotes,1,The Way I Am
836,5cF0dROlMOK5uNZtivgu50,Voicenotes,2,Attention
837,6pQadiopoIsS4x78tjSkJt,Voicenotes,3,LA Girls
838,6wmAHw1szh5RCKSRjiXhPe,Voicenotes,4,How Long
839,1lsBTdE6MGsKeZCD6llNu7,Voicenotes,5,Done for Me (feat. Kehlani)
840,2ZrHbO88rM6Ijeg0aJmSzl,Voicenotes,6,Patient
841,5QLAHKawoQwVRNf1waaVW7,Voicenotes,7,If You Leave Me Now (feat. Boyz II Men)
842,7aSvPfoqiM0zwPqupLGaHd,Voicenotes,8,BOY
843,6TapyDFlRUlZ4cmIaqJx4k,Voicenotes,9,Slow It Down
844,17RMnDmv5CEo3s0tmipRyb,Voicenotes,10,Change (feat. James Taylor)
845,1PuQTv1Kr1gzLgVeATSuh6,Voicenotes,11,Somebody Told Me
846,7k7JKDjCd9zuL0iF7iWaNs,Voicenotes,12,Empty Cups
847,4jgF1sLf3TkQbZkLHsc6SI,Voicenotes,13,Through It All
861,3ZAbzT3EIBAM4pDB6pD8V6,Nine Track Mind (Deluxe Edition),14,River
862,4nNZ4ra9sJnsdixXELkfW5,Nine Track Mind (Deluxe Edition),15,Does It Feel
863,7fKcyTRIPtKEQYnuF1eu87,Nine Track Mind (Deluxe Edition),16,Nothing But Trouble - Instagram Models; Dance Remix
879,37R0bQOQj5a7DOqh1TGzvB,Nine Track Mind,1,One Call Away
880,3qonjOrhFCfTnaaMruHzxW,Nine Track Mind,2,Dangerously
881,3rKYiySCDMUKTw5kGVVhaa,Nine Track Mind,3,Marvin Gaye (feat. Meghan Trainor)
882,5QTYKyXxIJaLupn1J6W9QU,Nine Track Mind,4,Losing My Mind
883,06KyNuuMOX1ROXRhj787tj,Nine Track Mind,5,We Don't Talk Anymore (feat. Selena Gomez)
884,2o5YDkVrId7JeumduZJ6NL,Nine Track Mind,6,My Gospel
885,51cJFmn6j0LUaxef2lQ3dz,Nine Track Mind,7,Up All Night
886,197CUwGpX84IMI7aWB1Cjk,Nine Track Mind,8,Left Right Left
887,1hlFygofCSO8PfIrAougLY,Nine Track Mind,9,Then There's You
888,60wzbPwV6EHfBTAf95rb9n,Nine Track Mind,10,Suffer
889,2LGgnbDYSeeMhuZGWwLQPL,Nine Track Mind,11,As You Are (feat. Shy Carter)
890,6wFwJpXsdvOrPzNwg8HfDj,Nine Track Mind,12,Some Type of Love
891,66CFbqJScx6zRieGllITcs,Nine Track Mind,13,See You Again (feat. Charlie Puth)
917,4LfkoDOt4mhrbo8Ndk37sQ,Nine Track Mind (Special Edition),14,Marvin Gaye (feat. Wale) - Remix
918,1UkB6rIHWMke2DcyZZ37CF,Nine Track Mind (Special Edition),15,Marvin Gaye (feat. Meghan Trainor) - Boehm Remix
919,4zhpLgd7CsS69auGgoMpoT,Nine Track Mind (Special Edition),16,One Call Away (feat. Tyga) - Remix
920,7o3q6UPTiQ1QqyxMz4KQsV,Nine Track Mind (Special Edition),17,One Call Away - KLYMVX Remix
921,7eJECM4njsc622iY9zg4af,Nine Track Mind (Special Edition),18,One Call Away - Acoustic
922,2jqbQyZBU5QgXPz6ItIgBp,Nine Track Mind (Special Edition),19,Marvin Gaye - Live
923,473mvpyfJXItgFFZuuakvc,Nine Track Mind (Special Edition),20,Some Type of Love - Live
1216,5hyNzOLHCyYjvrIVIIVIWI,= (Tour Edition),15,Afterglow
1217,5DXKvETa1xppOmd4CDxs9S,= (Tour Edition),16,One Life
1218,2kvwspbTT9ZyQNAv9OVYjq,= (Tour Edition),17,Penguins
1219,4yVsZALRYQ2cBJCViCTTp0,= (Tour Edition),18,I Will Remember You
1220,6GqJ3mte0bfx6cIrWlVDW6,= (Tour Edition),19,Welcome To The World
1221,2dk3qSc7779ecP8w6rNoT9,= (Tour Edition),20,The Joker And The Queen (feat. Taylor Swift)
1223,5L9Ptz7hUfTavjjdRRiNXR,= (Tour Edition),22,Bad Habits (feat. Bring Me The Horizon)
1224,1PvSHEmS4wNXTft6I0ugOZ,= (Tour Edition),23,Peru
1228,5HfA6KNvluQJSbrgrv3gh3,2step (The Remixes),4,2step (feat. Antytila)
1238,1qqSQhDwPXl8WY0Fxx9kIt,2step (The Remixes),1,2step (feat. Lil Baby)
1239,4EDm3svAC8LREh5b6fHZzt,2step (The Remixes),2,2step (feat. Ultimo)
1240,0uW73walIcF9UfA2G5ZfpF,2step (The Remixes),3,2step (feat. Potter Payper)
1242,0Ooo1Wnehm31UPovrjLRWW,2step (The Remixes),5,2step (feat. Leto)
1243,7nPp9jinMqAmiAnNfYzY7c,2step (The Remixes),6,2step (feat. Ellinoora)
1244,3Clcn0JjqakucsAAAMV646,2step (The Remixes),7,2step (feat. 1.Cuz)
1245,3dvDgPBAxqetLJvDmRDtwC,2step (The Remixes),8,2step (feat. Budjerah)
1246,5DKhoaXr9zqKis4SY5BiSm,2step (The Remixes),9,2step (Star.One Remix)
1247,2t0iRmBWsSwPIv7OY8ypiZ,2step (The Remixes),10,2step (feat. Chefin)
1248,6Md7OetCK5pP3HzcX0ermc,2step (The Remixes),11,2step (feat. reezy)
1249,0YbUKWAVjJvfOvRpnvNEOz,2step (The Remixes),12,2step (feat. Quevedo)
1250,5nlCMeGjtjeHkUqI43dV93,2step (The Remixes),13,2step (feat. Denise Chaila)
1251,3Gxo1itE2q8dTrhX7atqCE,2step (The Remixes),14,2step (feat. Armaan Malik)
1252,2JiHR4gCDjXwYVRDmwdk95,=,1,Tides
1253,50nfwKoDiSYg8zOCREWAm5,=,2,Shivers
1254,5QYnNhTKsN3kE7OaqILA1U,=,3,First Times
1255,3rmo8F54jFF8OgYsqTxm5d,=,4,Bad Habits
1256,4btFHqumCO31GksfuBLLv3,=,5,Overpass Graffiti
1257,3NuLxTXowTRcguTh9RsPmM,=,6,The Joker And The Queen
1258,0YbI9lWxUBsCJLb6EBydkr,=,7,Leave Your Life
1259,5sv0WnUs74Orn6GoPmC5im,=,8,Collide
1260,2SUxn2O9NHL6GHGQFgwCY0,=,9,2step
1261,0VuDtcT7H4CAljLZEH021x,=,10,Stop The Rain
1262,1i4F583d9v9RabcfOlKKVL,=,11,Love In Slow Motion
1263,0rt63HYAAIzUZo5O2D0uA6,=,12,Visiting Hours
1264,2Ldb2ytuC9AxhpAkVEJBI6,=,13,Sandman
1265,3BiiSLo0wyHAY7lpCEO6ge,=,14,Be Right Now
1281,70eFcWOvlMObDhURTqT4Fv,No.6 Collaborations Project,1,Beautiful People (feat. Khalid)
1282,4vUmTMuQqjdnvlZmAH61Qk,No.6 Collaborations Project,2,South of the Border (feat. Camila Cabello & Cardi B)
1283,4wuCQX7JvAZLlrcmH4AeZF,No.6 Collaborations Project,3,Cross Me (feat. Chance the Rapper & PnB Rock)
1284,1AI7UPw3fgwAFkvAlZWhE0,No.6 Collaborations Project,4,Take Me Back to London (feat. Stormzy)
1285,0VsGaRXR5WAzpu51unJTis,No.6 Collaborations Project,5,Best Part of Me (feat. YEBBA)
1286,0hVXuCcriWRGvwMV1r5Yn9,No.6 Collaborations Project,6,I Don't Care (with Justin Bieber)
1287,1DhRbox3xkceP64k3JeYfW,No.6 Collaborations Project,7,Antisocial (with Travis Scott)
1288,0AtP8EkGPn6SwxKDaUuXec,No.6 Collaborations Project,8,Remember The Name (feat. Eminem & 50 Cent)
1289,1Bdptrvb7nQkq8kCw3siE9,No.6 Collaborations Project,9,Feels (feat. Young Thug & J Hus)
1290,5T03itPFOPGGkvVPvPiyla,No.6 Collaborations Project,10,Put It All on Me (feat. Ella Mai)
1291,2qRN7PWiHRLprw4FpDeI9N,No.6 Collaborations Project,11,Nothing On You (feat. Paulo Londra & Dave)
1292,3FHXUqaUer9o231Je1zxIN,No.6 Collaborations Project,12,I Don't Want Your Money (feat. H.E.R.)
1293,4vIKzWqtn44umal5jXq4wE,No.6 Collaborations Project,13,1000 Nights (feat. Meek Mill & A Boogie Wit da Hoodie)
1294,5d1rmWWF1725tnYjq6rMDB,No.6 Collaborations Project,14,Way To Break My Heart (feat. Skrillex)
1295,7hvO2qCwJVZxiyoA7c9i5d,No.6 Collaborations Project,15,BLOW (with Chris Stapleton & Bruno Mars)
1296,7oolFzHipTMg2nL7shhdz2,÷ (Deluxe),1,Eraser
1297,6PCUP3dWmTjcTtXY02oFdT,÷ (Deluxe),2,Castle on the Hill
1298,51ChrwmUPDJvedPQnIU8Ls,÷ (Deluxe),3,Dive
1299,7qiZfU4dY1lWllzX7mPBI3,÷ (Deluxe),4,Shape of You
1300,0tgVpDi06FyKpA1z0VMD4v,÷ (Deluxe),5,Perfect
1301,0afhq8XCExXpqazXczTSve,÷ (Deluxe),6,Galway Girl
1302,2RttW7RAu5nOAfq6YFvApB,÷ (Deluxe),7,Happier
1303,5HDPtsnyb3maFmPL8LLUTG,÷ (Deluxe),8,New Man
1304,2dfHh7ECGxfNqZTQno09Vk,÷ (Deluxe),9,Hearts Don't Break Around Here
1305,2pJZ1v8HezrAoZ0Fhzby92,÷ (Deluxe),10,What Do I Know?
1306,6PJ8FF6UR8FZXfEvpHkIVN,÷ (Deluxe),11,How Would You Feel (Paean)
1307,4VuS959DSpr82t3qBqCrWG,÷ (Deluxe),12,Supermarket Flowers
1308,3Lfiu5sZ4M4B6JaKMBc0FU,÷ (Deluxe),13,Barcelona
1309,6SznMYPQJHzr3IwsAHLId2,÷ (Deluxe),14,Bibia Be Ye Ye
1310,35QZaWQRkmnAVqBF1TLCxQ,÷ (Deluxe),15,Nancy Mulligan
1311,6TIU9Ehmi6dMzZK73Ym4yj,÷ (Deluxe),16,Save Myself
1312,5mUBAfEctquPCp3oe8CRZX,x (Wembley Edition),1,One
1313,05AXbdKlVvkT6IJlYAfuap,x (Wembley Edition),2,I'm a Mess
1314,5sA4n1wolLZk2YpBLbsCqj,x (Wembley Edition),3,Sing
1315,5LTzAKRZ2Xct8d6vVrErha,x (Wembley Edition),4,Don't
1316,3b2b3rMn0LflqsIW0g5lDl,x (Wembley Edition),5,Nina
1317,0ch8PUB8JRTMJqmdmfY46U,x (Wembley Edition),6,Photograph
1318,2mHWjchw9pqHBvHh7iKoco,x (Wembley Edition),7,Bloodstream
1319,5rYipCuUMXmKr5XM3eDC1r,x (Wembley Edition),8,Tenerife Sea
1320,1QaVYz0KPmXtdjVcm3P4oj,x (Wembley Edition),9,Runaway
1321,01cCX1iNks6Ob0Ynwwg8tX,x (Wembley Edition),10,The Man
1322,2L6ypr3l5t5mLkY3lXIpZE,x (Wembley Edition),11,Thinking out Loud
1323,0jnNYYeMqMdreIsN22PzGk,x (Wembley Edition),12,Afire Love
1324,3AhWpAMU0lj0CPMZv3Krde,x (Wembley Edition),13,Take It Back
1325,5Httl4rILlQs8FednTJ2uE,x (Wembley Edition),14,Shirtsleeves
1326,60k4LTrhZ7xX0tSYZkXsuK,x (Wembley Edition),15,Even My Dad Does Sometimes
1327,2q5rFdBjUn0e9EL6mHb4Jy,x (Wembley Edition),16,I See Fire
1328,3B8BedGdUGT1Ixog6v8ua8,x (Wembley Edition),17,English Rose
1329,4w098dhR8GON00jYL1vCv4,x (Wembley Edition),18,Touch and Go
1330,5FBaWYaoA8j260ctveOa4a,x (Wembley Edition),19,New York
1331,4rhcqdXTzNX9uZRZybj3UP,x (Wembley Edition),20,Make It Rain
1332,0CjyIDOzzujwovFiCHe1LS,x (Wembley Edition),21,Parting Glass - Live at Wembley Stadium
1333,1nVe4FCdf6dVBkzAF741IC,x (Wembley Edition),22,Small Bump - Live at Wembley Stadium
1334,1eIcWCHqpW2qlWwNOH3dL1,x (Wembley Edition),23,Lay It All on Me (feat. Ed Sheeran)
1335,6x44NmhdsmgRzG07kzqOO6,5,1,"You Need Me, I Don't Need You"
1336,24ha18yq0t7XnZ9EgJ7HYb,5,2,So
1337,6ThrnYkLPlKar6dUIggR6Q,5,3,Be Like You
1338,4oCmusomhJaDXUF9OttwQ5,5,4,The City
1339,0Z0GZkW8QCohqGChLmWixd,5,5,Sunburn
1340,4Ur8TgNrZyUuRBWjsQfgGe,5,1,Let It Out
1341,5YS8NjfOuoFP1vi5wglycc,5,2,Homeless
1342,5DizlXTwJjjwxxqGNChcvO,5,3,Little Bird
1343,2Z7RLfJdXXkXUmvMJxkNJo,5,4,Sofa
1344,1IbGB3FLPDJjBX5i3S57rA,5,5,One Night
1345,7udHOd6OUjUIhSjpTo4cl4,5,6,Firefly
1346,7cCsAsOKvFdOjQHpADku4O,5,7,The City - Live at Sticky Studios; Loose Change EP
1347,0dQ5jI1SGoAX2QT6N95tad,5,8,Firefly - Bravado Dubstep Remix
1348,5JTTFF4bKTIqrhRmmOgXXo,5,1,Fall
1349,4I7VRMbaqi6GdSkaSxe1he,5,2,Fire Alarms
1350,0xaPq2EZ9pQ9vLuxy6MCHH,5,3,Where We Land
1351,4THoSHxiabL1rd59iVWu2T,5,4,Cold Coffee
1353,3nwbntyppUfLEMorPB40HN,5,1,The A Team - Live at the Bedford
1354,0ewWskuCnqrTFvMUqtAQwF,5,2,Homeless - Live at the Bedford
1355,4HQcJua3wHJLvBvc3gKJTr,5,3,The City - Live at the Bedford
1356,1lG7S133U7vKOXy0n8WeEL,5,4,Fall - Live at the Bedford
1357,2c3PILT3ocB6B47pNzi9qs,5,5,Wake Me Up - Live at the Bedford
1358,2GGOQWJo7FGEQojc7baekK,5,6,"You Need Me, I Don't Need You - Live at the Bedford"
1359,5cth8vxCckeYgE10nX58re,5,1,Lately (feat. Devlin)
1360,6dSgNLxLDgTaPQlB15yOOK,5,2,You (feat. Wiley)
1361,77m6ySUV5ZpOdaIsygDYMZ,5,3,Family (feat. P Money)
1362,3MUKlVjVJBvPf4flrDq8KB,5,4,Radio (feat. JME)
1363,7bXTXa2zmMuRZPCBEWcjHw,5,5,Little Lady (feat. Mikill Pane)
1364,0dNt7lZks5TVxiGaCIY1yZ,5,6,Drown Me Out (feat. Ghetts) - + Ghetts
1365,4SVST4FR6Gj74UJCzCiOSX,5,7,"Nightmares (feat. Random Impulse, Sway & Wretch 32)"
1366,1O5u4AShfndSLCnVqlV0h2,5,8,Goodbye to You (feat. Dot Rotten)
1367,4CLDrNSJcJQIeFkHCLM3gb,All 4 Nothing,1,26
1368,3aUD2nXnCYiGd9V1UhfyRz,All 4 Nothing,2,Stranger
1369,77MrX98hyOXLSs3dIfmOYk,All 4 Nothing,3,Kids Are Born Stars
1370,7diY4bRXZ7ca6BEGNlz3xL,All 4 Nothing,4,Molly In Mexico
1371,7I5WT7DtpwSAhEeDLpZEfm,All 4 Nothing,5,All 4 Nothing (I'm So In Love)
1372,6Vv8kZbiRdSbybIukXjvWF,All 4 Nothing,6,Stay Together
1373,1yxsoZCXBEcplWHsuc6wey,All 4 Nothing,7,Summer Nights
1374,1sQG9Vo4av58gq91eoEU1S,All 4 Nothing,8,Time After Time
1375,3XA0msNCCQysLnspbnbgw3,All 4 Nothing,9,Hey Ari
1376,1s86nOhD2gWQ4Ii7ua5jOu,All 4 Nothing,10,Better Than This
1377,6qfM0i5YwSXtKCeW0R3XWr,All 4 Nothing,11,Bad Trip
1378,2TIswlajjVKRiGG7CvUbTU,All 4 Nothing,12,I (Don't) Have A Problem
1379,04Nt8Fr8krHE5SxKBWLDdK,All 4 Nothing,13,First Grade
1380,4VM8y5Tx6UBxzfuLvYrhFf,~how i'm feeling~,1,Drugs & The Internet
1381,09PGubKAMryhOWv1LHpCYz,~how i'm feeling~,2,"fuck, i'm lonely (with Anne-Marie)"
1382,5qhHm4dN4L2dhRb2TfzGPw,~how i'm feeling~,3,Lonely Eyes
1383,5ikx3xVoCAoEMh47AYmZNe,~how i'm feeling~,4,Sims
1384,6gEC3iDuOlcHatGCCcvpO6,~how i'm feeling~,5,Believed
1385,5N6lOKp69X4aa61FGvoBTU,~how i'm feeling~,6,Billy
1386,0s26En1JoJhVj32vizElpA,~how i'm feeling~,7,Feelings
1387,6Rf3dWdNQs5LTqFOiavqQr,~how i'm feeling~,8,Canada (feat. Alessia Cara)
1388,0PxJmAlyKcRdd1r9FvDbTn,~how i'm feeling~,9,For Now
1389,3uc8AGNL0KbvISIrjnfRvN,~how i'm feeling~,10,Mean It
1390,1CJvFjaXKz2yuQWzICeIRo,~how i'm feeling~,11,Tell My Mama
1391,4sRryr1aCDIbVdj2LnBwsR,~how i'm feeling~,12,Sweatpants
1392,2qG81jL9UIP54uS8gYyP4k,~how i'm feeling~,13,Who (feat. BTS)
1393,4vjpLMyL3ZO6aphdYr8XYw,~how i'm feeling~,14,i'm so tired...
1394,0x68K3iDRHrtFl3YkH9bp4,~how i'm feeling~,15,El Tejano (feat. Sofía Reyes)
1395,1Srt81FTalOhRw7t7l8Yh8,~how i'm feeling~,16,Tattoos Together
1396,7cDpMO5wuWgvv3j4INRBeB,~how i'm feeling~,17,Changes
1397,1DVWkJEjgVStgU2EbR9vpz,~how i'm feeling~,18,Sad Forever
1398,1ShHhJlzaLuoZbJ3aP4z0m,~how i'm feeling~,19,Invisible Things
1399,4Gyo5XZzmZawnpqaRRedKu,~how i'm feeling~,20,Julia
1400,1eyek0KJEh2v5HQ9uQSybb,~how i'm feeling~,21,Modern Loneliness
1402,0PKgsBPUdHKhCaXJnYBMUc,~how i'm feeling~,2,"f*ck, i'm lonely"
1408,2d554963sIPwPLScNOBtIM,~how i'm feeling~,8,Canada
1413,53OoCRWO91xEj8vDIWSDHb,~how i'm feeling~,13,Who
1415,3qK99b5J19jQNFUN5ccgV4,~how i'm feeling~,15,El Tejano
1422,23tJmuwvUOa2kTsOlNMWCS,~how i'm feeling~ (the extras),1,Love Like That
1423,21OihIGdTCAL856FOjcs3j,~how i'm feeling~ (the extras),2,Modern Loneliness - acoustic
1424,2XK6LeSpB72Wz58VyktZey,~how i'm feeling~ (the extras),3,Drugs & The Internet - stripped - a one-take vibe
1425,28vZNXMT4ZoD0ua899ffdd,~how i'm feeling~ (the extras),4,Drugs & The Internet - CHVRCHES Remix
1426,76g5E1OEIydrjcG82gqe1B,~how i'm feeling~ (the extras),5,lonely (with Anne-Marie)
1427,0QzV5XAbUCZdVsO2fCJJ9L,~how i'm feeling~ (the extras),6,"fuck, i’m lonely - stripped"
1428,6TveqqtPQ9ejW45zi6FYCs,~how i'm feeling~ (the extras),7,"fuck, i’m lonely - Ofenbach Remix"
1429,1uxP6Vw86pAvlnuLUSWLll,~how i'm feeling~ (the extras),8,Sims - Miquela Remix
1430,5INPhPeK5f7nznvnocccSv,~how i'm feeling~ (the extras),9,Mean It - stripped
1431,4dgY5vCvBBSylaRvgEd6dj,~how i'm feeling~ (the extras),10,i'm so tired... - Stripped - Live in LA
1432,5xSsRAm13Pae693Ivd1Zuc,~how i'm feeling~ (the extras),11,i'm so tired... - MNEK remix
1433,49Qzh3ecngdKFih4POc7lY,~how i'm feeling~ (the extras),12,Modern Loneliness - LVNDSCAPE Remix
1434,4CXAFNMPNecxp5qoIIEWaB,~how i'm feeling~ (the extras),13,Modern Loneliness - Ghostt Remix
1435,4tB1l2bgjHs08lX6ri1B0C,~how i'm feeling~ (the extras),14,Modern Loneliness - Merk & Kremont Remix
1436,7yqGJP1pQ1jc4MNAdZW4gR,~how i'm feeling~ (the extras),15,Modern Loneliness - Ritviz Remix
1437,1wHdWpoAQA8BfYpDSpz309,~how i'm feeling~ (the extras),16,Modern Loneliness - Vaundy Remix
1438,5A7yGU0kyry8h2WfdKdncV,~how i'm feeling~ (the extras),17,Modern Loneliness - Zakes Bantwini Remix
1439,5fntu7qMXz7grAGF1xeaBA,~how i'm feeling~ (the extras),18,Modern Loneliness - Diskover Remix
1440,6H0oSvbsIl82yH0ioRpkwt,~how i'm feeling~ (the extras),19,Modern Loneliness - MYGAL Remix
1441,2OzVb1sMYyhep2E2AjK1SL,~how i'm feeling~ (the extras),20,Modern Loneliness - Sihan Remix
1442,2P91MQbaiQOfbiz9VqhqKQ,I met you when I was 18. (the playlist),1,I Like Me Better
1443,41CgzGD7xlgnJe14R4cqkL,I met you when I was 18. (the playlist),2,Paris in the Rain
1444,05fmLn8tNYb3ijIH2jCLPb,I met you when I was 18. (the playlist),3,Comfortable
1445,2wCVpdNSHjqIn2en8jAnF0,I met you when I was 18. (the playlist),4,Paranoid
1446,0EAzlhtMYxRb6wbi6KnPjC,I met you when I was 18. (the playlist),5,The Other
1447,7FLQuyyCaIrBRqNt5l83U4,I met you when I was 18. (the playlist),6,Reforget
1448,3u5bTqHMM1P34ZkbwzdckV,I met you when I was 18. (the playlist),7,The Story Never Ends
1449,3JJYIoJ5FyY9E0DGjr7SXF,I met you when I was 18. (the playlist),8,Enemies
1450,6Dno7FrbG6vnTm9KfjFwf6,I met you when I was 18. (the playlist),9,Come Back Home
1451,6mDoM5FGbr1Or5nY9pTnLy,I met you when I was 18. (the playlist),10,Question
1452,732Sqj2piYPhdMPENP4axz,I met you when I was 18. (the playlist),11,Easy Love
1453,4nxMHRNNfrOZWg8NAKXnV8,I met you when I was 18. (the playlist),12,Adrenaline
1454,2zXRAZvUb2B5PzJGwCtFe0,I met you when I was 18. (the playlist),13,Chasing Fire
1455,373q2bp4ZvyJ9kFZcpJSMs,I met you when I was 18. (the playlist),14,Breathe
1456,5WAD7GRAHPQUy9Il1hM7wL,I met you when I was 18. (the playlist),15,Bracelet
1457,4G4gtvlaFaI6v6wWD8UvqL,I met you when I was 18. (the playlist),16,Getting Over You
1458,4fFfyouye6vrX9o9z4PVMu,I met you when I was 18. (the playlist),17,Never Not
1459,6WFSCIHYfIaV1Apxhl1ES8,I met you when I was 18. (the extras),1,Chasing Fire - Stripped – Live in London
1460,7LR2nZOAmgApHf2q3m1WW0,I met you when I was 18. (the extras),2,Chasing Fire - Robin Schulz Remix
1461,7GQrJ7m97MGjyQattLABVP,I met you when I was 18. (the extras),3,Getting Over You - R3HAB Remix
1462,6jaOiA2rAJbOTELqVbm8j0,I met you when I was 18. (the extras),4,Easy Love - Dipha Barus Remix
1463,6fnIitWMKHnRnMLxSb0MYW,I met you when I was 18. (the extras),5,I Like Me Better - Ryan Riback Remix
1464,1xUC35eJ5OCheFOR0Wvhbb,I met you when I was 18. (the extras),6,I Like Me Better - Cheat Codes Remix
1465,4fez9Q1CdSSdLrsVBuxAGu,I met you when I was 18. (the extras),7,I Like Me Better - TRU Concept Remix
1466,0NRkAGL5xveaAIYbbf2gIG,I met you when I was 18. (the extras),8,The Other - Stripped
1467,2kCw2mBWJEUqrU16t9aw2o,I met you when I was 18. (the extras),9,The Other - DallasK Remix
1468,37c57m8MqCXznnq9Psy70l,I met you when I was 18. (the extras),10,The Other - Shallou Remix
1469,2bJ79bmMcbyMrhhJq5FIBf,I met you when I was 18. (the extras),11,The Other - Madison Mars Remix
1470,0pyZvc5qPA8Zm0VHmB7pag,I met you when I was 18. (the extras),12,The Other - Eden Prince Remix
1471,1al6XBqWFTLkT6SfyKR481,I met you when I was 18. (the extras),13,The Other - Matisse & Sadko Remix
1472,5xgZy6Sg6TwlVGyardvT4s,I met you when I was 18. (the extras),14,Reforget - Milk N Cooks Remix
1476,3ZCBSFcZSRM9Z48ew28Zrf,Rare (Deluxe),4,Souvenir
1478,1z1ztKUrDr09ZSMDnN3QIG,Rare (Deluxe),6,She
1489,4mt7C6wYeTUWDDk7xKym9w,Rare (Deluxe),17,Feel Me
1490,4QnC1bIaMSfDQvF4XDhV5M,Rare (Deluxe),1,Boyfriend
1507,7HMmFQsKsljwTw8bS7lu19,Rare,1,Rare
1508,5sK3o66yupTNIK6gWgzGjf,Rare,2,Dance Again
1509,7eOkHIcaoUhngxxypM5Ajr,Rare,3,Look At Her Now
1510,4l0Mvzj72xxOpRrp6h8nHi,Rare,4,Lose You To Love Me
1511,11Ey4yJVeWEsA73KjACkVY,Rare,5,Ring
1512,11OwAR3GlBj9E35Cznf7Lj,Rare,6,Vulnerable
1513,63mdJr3NMY3wReOkNE6c6W,Rare,7,People You Know
1514,0uFForNKQPvgSCnxlZIhQy,Rare,8,Let Me Get Me
1515,2C0hTkdEoikhKzDCJl32QZ,Rare,9,Crowded Room (feat. 6LACK)
1516,59iGOjPSOcPLGl3vqEStUp,Rare,10,Kinda Crazy
1517,64kfyGcf5dvbw92Vv4THCj,Rare,11,Fun
1518,4OtHGdb0KqEbaWb6edUnR9,Rare,12,Cut You Off
1519,4bb94wZVF1cX66vQjNeJTX,Rare,13,A Sweeter Place (feat. Kid Cudi)
1549,3JbtFCWuXlYuMBO2izAoFP,Revival,17,Good For You - KASBO Remix
1566,5NB5uPFcHGmwfluq9Sqn3j,Revival (Deluxe),1,Revival
1567,7KxhSJOYiqCDclXDBNlFSZ,Revival (Deluxe),2,Kill Em With Kindness
1568,3CJvmtWw2bJsudbAC5uCQk,Revival (Deluxe),3,Hands To Myself
1569,6ZANrVuAMp2rpjhfbOuJly,Revival (Deluxe),4,Same Old Love
1570,3Fb4cttE912XgIeD25rXRn,Revival (Deluxe),5,Sober
1571,5xdVqHtFS0eLuNp4Z8Wbpa,Revival (Deluxe),6,Good For You
1572,37IToWWYUc9nuH3ijz4tqV,Revival (Deluxe),7,Camouflage
1573,4a32Q7bRtWDGSEMbyWKIlj,Revival (Deluxe),8,Me & The Rhythm
1574,3gBxsj1226b38ZxdvsTyd1,Revival (Deluxe),9,Survivors
1575,75rnLkvIeq8RZ8xjcFIvSG,Revival (Deluxe),10,Body Heat
1576,4RUqWWMnkm0rZebrPikFWI,Revival (Deluxe),11,Rise
1577,4i55R0S2I64mhS5biNbECZ,Revival (Deluxe),12,Me & My Girls
1578,4OuMdUzh9Lz82ACgQUYBbU,Revival (Deluxe),13,Nobody
1580,6I4vrOusONJw4cUXRFyDZn,Revival (Deluxe),15,Outta My Hands (Loco)
1581,4zvZj8TSRl3EeaeXzRl73k,Revival (Deluxe),16,Cologne
1609,5uwf9K6FyQFQb0DaBgBHGg,Stars Dance (Deluxe Edition),14,Lover In Me
1610,0ErkByEpfNh9o49wP3kXDF,Stars Dance (Deluxe Edition),15,I Like It That Way
1611,0CPvVzU3YA4URepJdHtRp8,Stars Dance (Deluxe Edition),16,Come & Get It - Jump Smokers Radio Remix
1623,1TSXBNZCekaomsxMwlwI83,Stars Dance,12,Nobody Does It Like You
1624,2xZyqPZdWLhdKl4AobRAhj,Stars Dance,13,Music Feels Better
1625,5YowZzB3pou7vgfWI0VSfa,Stars Dance,14,Come & Get It - Dave Audé Radio
1626,345HZXxfL8S8HkVzytD1Pw,Stars Dance (Bonus Track Version),1,Birthday
1627,2OsEJFTfzfjG4oC92cuP2c,Stars Dance (Bonus Track Version),2,Slow Down
1628,2MTMeQZLVI9yiZIXsCbzGi,Stars Dance (Bonus Track Version),3,Stars Dance
1629,6vftvAdsEAAJTGQrUmHnei,Stars Dance (Bonus Track Version),4,Like A Champion
1630,6LoQHIo74tOzQ8EsLEkhgF,Stars Dance (Bonus Track Version),5,Come & Get It
1631,7D39d96OheT62fgxoGaElz,Stars Dance (Bonus Track Version),6,Forget Forever
1632,594fJDaRhC2bcHilqoc8U4,Stars Dance (Bonus Track Version),7,Save The Day
1633,5KzBPwPBbMKQwK9OFOwBtV,Stars Dance (Bonus Track Version),8,B.E.A.T.
1634,7xWZ6yrBuZF3E9iYnUNs3C,Stars Dance (Bonus Track Version),9,Write Your Name
1635,3RrJTOClOgMAc9FQ7QDwv7,Stars Dance (Bonus Track Version),10,Undercover
1636,0OkJtCF6yQIdK11ge58uXD,Stars Dance (Bonus Track Version),11,Love Will Remember
1637,3PVor2DGqdPBqGNcQX60fD,Stars Dance (Bonus Track Version),12,Nobody Does It Like You - Bonus Track
1638,7qjWYlQwqMwgxJb2PbFXhU,Stars Dance (Bonus Track Version),13,Music Feels Better - Bonus Track
1664,3Os1431WclqyKxWqMzRESE,Positions (Deluxe),15,someone like u - interlude
1665,3eZYOQO4UzKrUDYDghtnFw,Positions (Deluxe),16,test drive
1666,2sQH02O2HBCPJCztBrCWNa,Positions (Deluxe),17,"34+35 Remix (feat. Doja Cat, Megan Thee Stallion) - Remix"
1667,6KIKaWKE9wV6mLjho3w61y,Positions (Deluxe),18,worst behavior
1668,63WsFFnQ8CL941iZBELYsX,Positions (Deluxe),19,main thing
1688,3ko9jEHNt4O5fjKN65ULJp,Positions,1,shut up
1689,6Im9k8u9iIzKMrmV7BWtlF,Positions,2,34+35
1690,5GkQIP5mWPi4KZLLXeuFTT,Positions,3,motive (with Doja Cat)
1691,7Dx9Z6Aon1qPS2N0rHSWTe,Positions,4,just like magic
1692,7E1jVNoWuemqUryI4FxsVD,Positions,5,off the table (with The Weeknd)
1693,2IKJtXeR5UsaUjZB46fTOK,Positions,6,six thirty
1694,14gkWVFMwdxBMyqBw1wmIg,Positions,7,safety net (feat. Ty Dolla $ign)
1695,6u7gmPOz7pzzaeR9xSBpsR,Positions,8,my hair
1696,0sci7ppTZFm4mjcH3nu8yO,Positions,9,nasty
1697,1whfVLMKWqAX3uk97VXsNN,Positions,10,west side
1698,6NYtLvyThMT0oALFdJFdzq,Positions,11,love language
1699,35mvY5S1H3J2QZyna3TFe0,Positions,12,positions
1700,0q85C1JiECyYIQthz1posA,Positions,13,obvious
1701,3UoULw70kMsiVXxW0L3A33,Positions,14,pov
1716,5SyCD1ic378B4rYWhDmuvo,k bye for now (swt live),1,raindrops (an angel cried) - live
1717,67kQ3UW7saqCFqB54BVKKI,k bye for now (swt live),2,god is a woman - live
1718,12s87E3EVHMYZQyr9mXsUi,k bye for now (swt live),3,bad idea - live
1719,56feSEETtLwNjY5Xz8XbKI,k bye for now (swt live),4,"break up with your girlfriend, i'm bored - live"
1720,2I2HYr4FLb6LPfdgcKxK2J,k bye for now (swt live),5,r.e.m - live
1721,4OR2KU2qCnREBsSwwJ4PBn,k bye for now (swt live),6,be alright - live
1722,1Bvxlmt3CtZTyls2IJQ38T,k bye for now (swt live),7,sweetener - live
1723,7bfnkOya2SV8LLTsYmRQJR,k bye for now (swt live),8,successful - live
1724,1FYLqciy2MckeKgTvOCawO,k bye for now (swt live),9,side to side - live
1725,6va6SjWz457IOZidBppAhz,k bye for now (swt live),10,7 rings - live
1726,6Q4JJnjX00q8O10OliHhjS,k bye for now (swt live),11,love me harder - live
1727,1edP751qQSUaA1vo7Hva3w,k bye for now (swt live),12,breathin - live
1728,1IVnvJN9oC3pDYv9qpAnj7,k bye for now (swt live),13,needy - live
1729,5BYts42mYfuullBbELoaEV,k bye for now (swt live),14,fake smile - live
1730,1TCEZgYrPjc2G5sBYJciuq,k bye for now (swt live),15,make up - live
1731,7MjS7SoRzn8VXajFdV3t04,k bye for now (swt live),16,right there - live
1732,6FmBKZxA3K1Ycr9spEeI15,k bye for now (swt live),17,you'll never know - live
1733,1qfOSlQohddqAOGl3f8snd,k bye for now (swt live),18,break your heart right back - live
1734,4jkikgyrlBMR4Fj3d1s4jT,k bye for now (swt live),19,nasa - live
1735,6dB14UPKgEDLTp38BIKk6N,k bye for now (swt live),20,tattooed heart - live
1736,5qmcKqCKRb4EFwRTsndXNe,k bye for now (swt live),21,only 1 - live
1737,0ao5xnzWNAt0dZFF6v4Sct,k bye for now (swt live),22,goodnight n go - live
1738,5XkiYqfFAXsXG4V2mGZET8,k bye for now (swt live),23,get well soon - live
1739,58T204WTLWAs34lOvheS28,k bye for now (swt live),24,in my head interlude - live
1740,2Hk1xo2ZrysHtBQMmZvg8U,k bye for now (swt live),25,everytime - live
1741,0mQVABspENyHvpVqRpnkxJ,k bye for now (swt live),26,the light is coming - live
1742,6rvHjRpnRhzQVeu8I5CqHp,k bye for now (swt live),27,into you - live
1743,3HUJw4KvL5baIwuh0wWPoh,k bye for now (swt live),28,my heart belongs to daddy - live
1744,5H7d8isXFW779pCK7lo4KT,k bye for now (swt live),29,dangerous woman - live
1745,1LD1TFK08cFUBPmhi3FRAA,k bye for now (swt live),30,break free - live
1746,32VSdGCv8wkAjUkVha9YBf,k bye for now (swt live),31,no tears left to cry - live
1747,6AZaeRAPYnf5nKwV7HpSlQ,k bye for now (swt live),32,"thank u, next - live"
1748,39LmTF9RgyakzSYX8txrow,"thank u, next",1,imagine
1749,1TEL6MlSSVLSdhOSddidlJ,"thank u, next",2,needy
1750,4uTvPEr01pjTbZgl7jcKBD,"thank u, next",3,NASA
1751,2hloaUoRonYssMuqLCBLTX,"thank u, next",4,bloodline
1752,3wFLWP0FcIqHK1wb1CPthQ,"thank u, next",5,fake smile
1753,5Il6Oe7lr5XM7A0cWbVQtr,"thank u, next",6,bad idea
1754,27356GVuMPFWiJSZCragoM,"thank u, next",7,make up
1755,2vdBo4ALPYbHRUPKgtE5iC,"thank u, next",8,ghostin
1756,4T652DlATVHe0jdLKaN3Bw,"thank u, next",9,in my head
1757,6ocbgoVGwYJhOv1GgI9NsF,"thank u, next",10,7 rings
1758,3e9HZxeyfWwjeyPAMmWSSQ,"thank u, next",11,"thank u, next"
1759,4kV4N9D1iKVxx1KLvtTpjS,"thank u, next",12,"break up with your girlfriend, i'm bored"
1760,0v2LUO8oTHnkjQ8MmKuXyk,Sweetener,1,raindrops (an angel cried)
1761,4mLkiFppf8Xvem6BSY34qw,Sweetener,2,blazed (feat. Pharrell Williams)
1762,0sdbFOyfgAhAhWq8DpzkaW,Sweetener,3,the light is coming (feat. Nicki Minaj)
1763,1xWH8zYtDeS9mW1JJG23VZ,Sweetener,4,R.E.M
1764,5OCJzvD7sykQEKHH7qAC3C,Sweetener,5,God is a woman
1765,70khXICDeTTxgYtw3EysKH,Sweetener,6,sweetener
1766,5YeHLHDdQ4nKHk81XFWhCU,Sweetener,7,successful
1767,0WdR2AyLW1Drd3OUdwezM0,Sweetener,8,everytime
1768,4OafepJy2teCjYJbvFE60J,Sweetener,9,breathin
1769,2qT1uLXPVPzGgFOx4jtEuo,Sweetener,10,no tears left to cry
1770,4b7mLZQWsy0rLnrMtPA9fQ,Sweetener,11,borderline (feat. Missy Elliott)
1771,3NbTQ8ZbHU6MSEVUFAVCJ9,Sweetener,12,better off
1772,14kYOiFVPb7E7NfFbqhdln,Sweetener,13,goodnight n go
1773,0XOnMqLQDO89iAg7dWWwnG,Sweetener,14,pete davidson
1774,7u6DMPznGbpziuEgCE0JGQ,Sweetener,15,get well soon
1803,2E5R3USq1SSOFDnl4SHe1Z,Christmas & Chill (Japan Version),2,Wit It This Christmas
1804,1gCC4V2iW0juUv4jaDABsp,Christmas & Chill (Japan Version),3,December
1805,09VVVW2VxsmXE5Pyo3T0ah,Christmas & Chill (Japan Version),4,Not Just On Christmas
1806,73pH60xHd2S87oNIlgztNY,Christmas & Chill (Japan Version),5,True Love
1807,0zrQwV4XbcwZ2bS9r7F944,Christmas & Chill (Japan Version),6,Winter Things
1808,5Pso8npzaYW2lrt75Tgtmg,Christmas & Chill (Japan Version),7,Into You - Alex Ghenea Remix
1811,1MkFj1ThZZxjYMNkczx9mk,Dangerous Woman,3,Be Alright
1816,4Xg2NUXyF7cgvwSOs6PiSa,Dangerous Woman,8,Leave Me Lonely
1818,7IqSduDsieo2epoqA97NxC,Dangerous Woman,10,Sometimes
1820,76RIfPBraSmXWC9LryUztF,Dangerous Woman,12,Bad Decisions
1821,7rlKlsYacU3PFLGD7ca1HL,Dangerous Woman,13,Touch It
1822,1ywoy5kdf2LsG2019ClGjm,Dangerous Woman,14,Knew Better / Forever Boy
1824,3K1y89UHuAEZbpiSPbtAae,Dangerous Woman,16,Step On Up
1825,0kngSEayfCOjR8w83R7vAT,Dangerous Woman,17,Jason's Song (Gave It Away)
1841,4r4V1wYecTxSAAXV11cFPD,Dangerous Woman,16,Focus
1896,5A7CwBNDUhvLWuSU5oJEh3,Dangerous Woman,1,Moonlight
1897,3nef5W8jTkXrOKgCu4kmq7,Dangerous Woman,2,Dangerous Woman
1899,76FZM38RC8XaAjJ77CVTNe,Dangerous Woman,4,Into You
1900,44ONERBHALxftQNWq6dmyd,Dangerous Woman,5,Side To Side
1901,59NC8SuXPiSaiYL69XQ4dt,Dangerous Woman,6,Let Me Love You
1902,7aLT0tLcS40Penaplqu2cZ,Dangerous Woman,7,Greedy
1904,30TmLgK0ja5O8q9l4BShIX,Dangerous Woman,9,Everyday
1910,1UujO43qVZnWObydH4MLT5,Dangerous Woman,15,Thinking Bout You
1929,2ozJsBoBeVz4k3FvO5Lsd1,The Remix,1,The Way - Sidney Samson Remix
1930,2999HI47b2JZcvZJe4u4H4,The Remix,2,Right There - 7th Heaven Radio Edit
1931,6tLkvHlWtQjQReJeEE2zZ1,The Remix,3,Right There - Ralphi Rosario Radio
1932,6uQ2N1OF6jjPBD4EcVLMmU,The Remix,4,Baby I - Cosmic Dawn Radio Edit
1933,1PXRdIwo29TUHlR3XjUGgv,The Remix,5,Baby I - A Director’s Cut Radio Edit
1934,04R0Qrg37pStX7AtGsn6Jn,The Remix,6,Problem - Wayne G Radio Edit
1935,1pqkTy6VMONEyzbfooVkfB,The Remix,7,Problem - Dave Aude Twerk Edit
1936,76hQ50MLFsOQ9q6iKtPd3m,The Remix,8,Problem - Dawin Remix
1937,2aHQKWnf7PHNuX2ZxcuAw9,The Remix,9,Break Free - Zedd's Extended Mix
1938,3e4hPBKNSJpiSCcgDaiuDI,The Remix,10,Bang Bang - Dada Life Remix
1939,7AcaQOmJXUwQ6ztNAmDPD1,The Remix,11,Bang Bang - 3LAU Remix
1940,1YrJfQLuFCIsFJIlHaVHjA,The Remix,12,Love Me Harder - Kassiano Remix
1941,2YCrGv4u5pWy6ea438bSU7,The Remix,13,Love Me Harder - Gregor Salto Amsterdam Mix
1942,0Ww6AgiTbMi2hTSarFzZRi,The Remix,14,Love Me Harder - DJ Class Remix
1944,1DfZFyeOTqcrveRLJD2psY,My Everything (Deluxe),1,Intro
1945,5w048fMWMdqxT2UAyXXB1Z,My Everything (Deluxe),2,Problem
1946,50rGbTr2wrWnlIelPQxi87,My Everything (Deluxe),3,One Last Time
1947,30RyEhFRhQwdU9uz9GpsIW,My Everything (Deluxe),4,Why Try
1948,3rWbIR3rJIT0Rpu3iR9ZXg,My Everything (Deluxe),5,Break Free
1949,4YABCZrigzsmAazCkbnsmE,My Everything (Deluxe),6,Best Mistake
1950,2Gl4i222fTI6qG8DQiAh9E,My Everything (Deluxe),7,Be My Baby
1951,0ZrOMGpPyxmQDknWbfxPms,My Everything (Deluxe),8,Break Your Heart Right Back
1952,3RknjKzaZkjBqIGEN1Q871,My Everything (Deluxe),9,Love Me Harder
1953,25K9ZaVkBxqs3mIgqBfCyJ,My Everything (Deluxe),10,Just A Little Bit Of Your Heart
1954,4jiJGgI9CcpHNbynBRvZtC,My Everything (Deluxe),11,Hands On Me
1955,0GSEYyijZUvmHtl8jdZO50,My Everything (Deluxe),12,My Everything
1956,5jARKYYEp6bdvu2FVTecYV,My Everything (Deluxe),13,Bang Bang
1957,5PxLvDFeyCWlM1LBNzgqVB,My Everything (Deluxe),14,Only 1
1958,08NgnALXGHiMSWgIDRLz2y,My Everything (Deluxe),15,You Don't Know Me
1959,6McECqsEsUv8WuWtz0WS0t,My Everything (Deluxe),16,One Last Time (Attends-Moi)
1960,2SUgRZJuP3bxmlDHD6ZB7g,My Everything (Deluxe),17,Love Me Harder - Alex Ghenea Remix
1961,3HXqalQmiJuoIpMa8aEhzc,My Everything (Deluxe),18,One Last Time - Gazzo Remix
1972,6ulUsbo0byNEgHHloz55Rp,Believers Never Die (Volume Two),11,I've Been Waiting
1973,1tm4Bl2E5RwTevOiBs4gtH,Believers Never Die (Volume Two),12,Dear Future Self (Hands Up)
1974,3liDoBAc3NGI8tmWUTOAed,Believers Never Die (Volume Two),13,Bob Dylan
1988,0hfByzDRgR10HDLqm89lA9,MANIA,1,Stay Frosty Royal Milk Tea
1990,0Q9vbV7G2Q6lts13nY9YGP,MANIA,3,HOLD ME TIGHT OR DON’T
1991,2W6kVW3UZ3hwr4qbfCDp6B,MANIA,4,Wilson (Expensive Mistakes)
1992,0OUQhRKgGSb0PPrLUuEQka,MANIA,5,Church
1993,4lN5YgMQNBANIKWSl6G54k,MANIA,6,Heaven’s Gate
1994,1DRUwJSt2YOUUEz965OJ66,MANIA,7,Champion
1995,0ZqqrBHeSeyZahfcyw9N8O,MANIA,8,Sunshine Riptide
1996,2wQA22CbUkSD38g5Doqd9a,MANIA,9,Young And Menace
1997,5lKI9qLSJkWWJ6USwMu6jF,MANIA,10,Bishops Knife Trick
1999,6e13443Ve7RGcAUScTgYtl,MANIA,2,The Last Of The Real Ones
2019,63uj7uLdCmhuMtTb1A7hY2,Make America Psycho Again,12,Uma Thurman - Fall Out Boy vs. Didrick
2020,3yDCYMW6MbN9Z22Kk02QfF,Make America Psycho Again,13,Irresistible - Revised Audio
2021,7q6UVd7B02FlcLc7d13M3q,Make America Psycho Again,1,Irresistible - Remix
2022,27LdcKt7akmHzSW4d2vpwI,Make America Psycho Again,2,American Beauty/American Psycho - Remix
2023,4LutIwQfcpXjVs7mIySYCD,Make America Psycho Again,3,Centuries - Remix
2024,3MZaCGdiJmxpvdNpSCS63p,Make America Psycho Again,4,The Kids Aren't Alright - Remix
2025,6hVCCmziVhcCz7K5Uq1tqq,Make America Psycho Again,5,Uma Thurman - Remix
2026,4z3kBx5gG2Cc48xQ0yy7eX,Make America Psycho Again,6,Jet Pack Blues - Remix
2027,3boDNzgRvOKrKG2jhJohs1,Make America Psycho Again,7,Novocaine - Remix
2028,100sCINfy627goqupakk1R,Make America Psycho Again,8,Fourth Of July - Remix
2029,5gfzBDXhZgGBmfEDRAbbvi,Make America Psycho Again,9,Favorite Record - Remix
2030,298iDRyDz6nscweqxCvXbJ,Make America Psycho Again,10,Immortals - Remix
2031,6ev6drm6SmNHoTEi2WXwcl,Make America Psycho Again,11,Twin Skeleton's (Hotel In NYC) - Remix
2043,3znPiywA0q1VK2jgAZFDoI,American Beauty/American Psycho,1,Irresistible
2044,3D4Xkcir5YEhk8Xidkd1dL,American Beauty/American Psycho,2,American Beauty/American Psycho
2045,04aAxqtGp5pv12UXAg4pkq,American Beauty/American Psycho,3,Centuries
2046,3x7NGlfDKQYN2wnwEnL7r9,American Beauty/American Psycho,4,The Kids Aren't Alright
2047,5PUawWFG1oIS2NwEcyHaCr,American Beauty/American Psycho,5,Uma Thurman
2048,7d0R90VzB45UWf3Aey0X22,American Beauty/American Psycho,6,Jet Pack Blues
2049,5F0bmCjKUufNz1bHXfgRwe,American Beauty/American Psycho,7,Novocaine
2050,1vrjcPplEuenckUzGGp2UR,American Beauty/American Psycho,8,Fourth Of July
2051,4vC4nKK6bk9pYEVOU4EIbA,American Beauty/American Psycho,9,Favorite Record
2052,3Te8uLyit6X3ncNW8Fp3K2,American Beauty/American Psycho,10,Immortals
2053,2WWP0IPX9xFjAMraNHX390,American Beauty/American Psycho,11,Twin Skeleton's (Hotel In NYC)
2065,2KtaXE4j8kRH8u1Rs9ZAIw,Save Rock And Roll,12,My Songs Know What You Did In The Dark (Light Em Up) - 2 Chainz Remix
2068,5MsZIaCYY6Tsdph0LiB0hE,Save Rock And Roll,3,Alone Together
2077,7jwDuO7UZvWs77KNj9HbvF,Save Rock And Roll,1,The Phoenix
2078,2E43WFS4rRc09za2r2GmZl,Save Rock And Roll,2,My Songs Know What You Did In The Dark (Light Em Up)
2080,3Q7jFW6nxqhwbUctqqthSa,Save Rock And Roll,4,Where Did The Party Go
2081,5OMCffelD9cnJCgG3xnHzU,Save Rock And Roll,5,Just One Yesterday
2082,4rNOFJdwQq0ulVDKOF447L,Save Rock And Roll,6,The Mighty Fall
2083,4pXqUELqAFyjlU2vx3BHRR,Save Rock And Roll,7,Miss Missing You
2084,339ClrzKvO3L5GHld8RFBO,Save Rock And Roll,8,Death Valley
2085,4yXNMbZrsFJbPTH0WfhwEB,Save Rock And Roll,9,Young Volcanoes
2086,4msiwW31mowpBoEU9htPDU,Save Rock And Roll,10,Rat A Tat
2087,6SFTYQSczxhBNKR5bYjGMD,Save Rock And Roll,11,Save Rock And Roll
2088,3HIN2WMbQf8Hcd8uWnch9O,Live In Tokyo,1,Thriller - Live In Tokyo / 2013
2089,0oIxIt90cmzBF6pakFw080,Live In Tokyo,2,"This Ain't A Scene, It's An Arms Race - Live In Tokyo / 2013"
2090,7j8fe5k3EX1wtMIKNwgFtm,Live In Tokyo,3,Grand Theft Autumn / Where Is Your Boy - Live In Tokyo / 2013
2091,30ZZfEiIkoMzVq79Z1JHZM,Live In Tokyo,4,"Dance, Dance - Live In Tokyo / 2013"
2092,5AQBzO2tW7GgVfla5pzeMX,Live In Tokyo,5,I Don't Care - Live In Tokyo / 2013
2093,5aNzfZYnQCAEtRg3fg3uJT,Live In Tokyo,6,My Songs Know What You Did In The Dark (Light Em Up) - Live In Tokyo / 2013
2094,4ED9SzwEi3Ch4mHLC1ZawM,Live In Tokyo,7,Beat It - Live In Tokyo / 2013
2095,4Dp0H6tNuymmBNCVfFg0IJ,Save Rock And Roll (Commentary),1,The Phoenix - Commentary
2096,5blRMrvo9dIAs6nKS0Z6V4,Save Rock And Roll (Commentary),2,My Songs Know What You Did In The Dark (Light Em Up) - Commentary
2097,0lpGgWNB8la669nENipFZU,Save Rock And Roll (Commentary),3,Alone Together - Commentary
2098,5cIxFEXCzTZuL2MjA2dq9e,Save Rock And Roll (Commentary),4,Where Did The Party Go - Commentary
2099,0BozrTkc5NMxWlnYoMNQLv,Save Rock And Roll (Commentary),5,Just One Yesterday - Commentary
2100,0XxjmvqNRuUon0JkFFX8pw,Save Rock And Roll (Commentary),6,The Mighty Fall - Commentary
2101,013b4jvQg5PNBuG8urxcjc,Save Rock And Roll (Commentary),7,Miss Missing You - Commentary
2102,5dKUzaGktsp52mUNL4RImi,Save Rock And Roll (Commentary),8,Death Valley - Commentary
2103,2G11MU4SMMHlA8rme5N7kd,Save Rock And Roll (Commentary),9,Young Volcanoes - Commentary
2104,1hm9XkSg41mkHRwXqQkPT5,Save Rock And Roll (Commentary),10,Rat A Tat - Commentary
2105,2ShOsgN7WwrUtEL7UmwqwS,Save Rock And Roll (Commentary),11,Save Rock And Roll - Commentary
2106,4qg2rXtE20scfPhGvG5tqq,Folie à Deux,1,Disloyal Order Of Water Buffaloes
2107,7ewT0nLFkMD8ONbRibePr9,Folie à Deux,2,I Don't Care - Single Version
2108,6Mk0xtgL6tZ7XQc9GAvobj,Folie à Deux,3,She's My Winona
2109,3Dg1BK3rHo6mCvzSO2b9Ct,Folie à Deux,4,America's Suitehearts
2110,5qiG5FhrnE7dl0ZxhKc3My,Folie à Deux,5,Headfirst Slide Into Cooperstown On A Bad Bet
2111,26TpDCzZwjrYUZkua2X6HF,Folie à Deux,6,The (Shipped) Gold Standard
2112,7iT7qkF9L06cYaIee0aY7B,Folie à Deux,7,(Coffee's For Closers)
2113,62Vulfjc2qjCWim4LWBvvc,Folie à Deux,8,"What A Catch, Donnie"
2114,6gRgweWPiX1ii33coNlTt8,Folie à Deux,9,27
2115,0ogvSCswPsKY7MSMaojWk5,Folie à Deux,10,Tiffany Blews
2116,5z2LeGnH19PuaOuA2Ksmp6,Folie à Deux,11,w.a.m.s.
2117,3RHZzTT1RhYV6zicKUc4FM,Folie à Deux,12,20 Dollar Nose Bleed
2118,1Hj3wedxBoOoYPXwk3TzeY,Folie à Deux,13,West Coast Smoker
2119,525Wc5pBnvEZmfr1mXWv4R,**** Live In Phoenix,1,Thriller - Live At The Cricket Pavillion /2007
2120,5obII1Sa9rPpPGXkYT53RO,**** Live In Phoenix,2,Grand Theft Autumn / Where Is Your Boy - Live At The Cricket Pavillion /2007
2121,3af8j4E9x409xk2flBoHqD,**** Live In Phoenix,3,"Sugar, We're Goin Down - Live At The Cricket Pavillion /2007"
2122,30hgb9AYMMhf8STOa7kD3G,**** Live In Phoenix,4,Our Lawyer Made Us Change The Name Of This Song So We Wouldn't Get Sued - Live At The Cricket Pavillion /2007
2123,1Pd7INu4sAq2IPCojKaQax,**** Live In Phoenix,5,Hum Hallelujah - Live At The Cricket Pavillion /2007
2124,4bpEHkJuadYSKCOBxEYww2,**** Live In Phoenix,6,Tell That Mick He Just Made My List Of Things To Do Today - Live At The Cricket Pavillion /2007
2125,1V8I9lCbXUkmhQqrZlt0VR,**** Live In Phoenix,7,I'm Like A Lawyer With The Way I'm Always Trying To Get You Off (Me & You) - Live At The Cricket Pavillion /2007
2126,2hA6TtD1CAVPKY09dbOmPH,**** Live In Phoenix,8,"A Little Less Sixteen Candles, A Little More ""Touch Me"" - Live At The Cricket Pavillion /2007"
2127,4BzJMmoljvNE16i9NN8nO1,**** Live In Phoenix,9,Beat It - Live At The Cricket Pavillion /2007
2128,4io27hPj3XwN0GAI2d7YlN,**** Live In Phoenix,10,Golden - Live At The Cricket Pavillion /2007
2129,7H6Db6IIHRmPd7R6qItd4x,**** Live In Phoenix,11,"This Ain't A Scene, It's An Arms Race - Live At The Cricket Pavillion /2007"
2130,5omMBlLFlij7JODNabtVDV,**** Live In Phoenix,12,Thnks fr th Mmrs - Live At The Cricket Pavillion /2007
2131,0JHXrhEpPNEte9MxivbTOO,**** Live In Phoenix,13,"""The Take Over, The Breaks Over"" - Live At The Cricket Pavillion /2007"
2132,28EarSm5DYodu3z8taz8cn,**** Live In Phoenix,14,"Dance, Dance - Live At The Cricket Pavillion /2007"
2133,7AeJBXsZzKaPeIH7mmqTqr,**** Live In Phoenix,15,Saturday - Live At The Cricket Pavillion /2007
2134,3C65zQ69c8RMiJ3wqB1ogp,**** Live In Phoenix,16,Beat It - Studio Version
2135,79EH9bYjaTvmsE1H2TFIcL,Live In Phoenix,1,Thriller
2136,3FMS3X91AaCFUyUQCnAdZ6,Live In Phoenix,2,Grand Theft Autumn / Where Is Your Boy
2137,7GpFvT1qi8mkwdIjSbfiSh,Live In Phoenix,3,"Sugar, We're Goin Down"
2138,2Yy62OMoHAb5cfpmCO3Zxg,Live In Phoenix,4,Our Lawyer Made Us Change The Name Of This Song So We Wouldn't Get Sued
2139,4oLUW3uOjddpd974j1RKWr,Live In Phoenix,5,Hum Hallelujah
2140,0x5iCDgFVaVgCnHgDU0LSP,Live In Phoenix,6,Tell That Mick He Just Made My List Of Things To Do Today
2141,4vK8RqyxPfPNTmBaNcIPIx,Live In Phoenix,7,I'm Like A Lawyer With The Way I'm Always Trying To Get You Off (Me & You)
2142,6G88rdUvEwydWU0xnILXBh,Live In Phoenix,8,"A Little Less Sixteen Candles, A Little More ""Touch Me"""
2143,0BrgzTEWfI0QZLRJqzJbPa,Live In Phoenix,9,Beat It - Studio Version Featuring John Mayer
2144,76HLlU4iPwsTz4hj54a7AY,Live In Phoenix,10,Golden
2145,1Aec2rbvd4fEP9iuDIVeOE,Live In Phoenix,11,"This Ain't A Scene, It's An Arms Race"
2146,1LA4zdhqeRAGqOlz1NcUyo,Live In Phoenix,12,Thnks fr th Mmrs
2147,1YZEzanlzYZHx6zd3EavhO,Live In Phoenix,13,"""The Take Over, The Breaks Over"""
2148,0QojkRAhg54TGU68xMPYc6,Live In Phoenix,14,"Dance, Dance"
2149,7kPcWZdejXq6xnfRxesvWn,Live In Phoenix,15,Saturday
2193,26VG1uCazw9xtVnq8A1vtd,Folie à Deux,2,I Don't Care
2206,1850JUGkOSG1kmo1gQRef1,YOUNHA 6th Album Repackage 'END THEORY : Final Edition',2,c/2022YH
2209,7FueajbkcnDmxv8TBbMtaU,YOUNHA 6th Album Repackage 'END THEORY : Final Edition',5,Tik-Tok
2214,4sSYbWHfO6vmys26udbMyr,YOUNHA 6th Album Repackage 'END THEORY : Final Edition',10,Here
2215,6RBziRcDeiho3iTPdtEeg9,YOUNHA 6th Album Repackage 'END THEORY : Final Edition',11,Event Horizon
2216,0tpjRwtGqTc4SefGUSE9rL,YOUNHA 6th Album Repackage 'END THEORY : Final Edition',12,Black hole
2217,3JuXBT3OZZUKEELEfsP2HI,YOUNHA 6th Album Repackage 'END THEORY : Final Edition',13,Savior
2219,19hTNZuj8E8LvegCoBqgoY,YOUNHA 6th Album 'END THEORY',1,P.R.R.W.
2220,3JCF1WW0eOVkQslR1hKoN8,YOUNHA 6th Album 'END THEORY',2,BIG PICTURE
2221,7tOsgOjrzBVQqyaMDBlZV8,YOUNHA 6th Album 'END THEORY',3,Oort Cloud
2222,1hzZYkGXojf53WI5ceVLWZ,YOUNHA 6th Album 'END THEORY',4,Wish
2223,6uPVSw1gKdv92YnTNldQkl,YOUNHA 6th Album 'END THEORY',5,How U doing
2224,2NqbiaxTnrIN4V4wPtvals,YOUNHA 6th Album 'END THEORY',6,Highlight
2226,7gJO1uYHChpSS3jZzUvf2W,YOUNHA 6th Album 'END THEORY',8,Truly
2227,10xEWyLu80xSy17g9jptlD,YOUNHA 6th Album 'END THEORY',9,Stardust
2230,4Nr2SB8Yz7UyNHwBbeDdbJ,RescuE,1,Rescue
2231,7AgILHRIdHKV65CIeLarkj,RescuE,2,Hello
2232,0u2RxRjpM4rMvojoNqZHH0,RescuE,3,Parade
2233,7BQBOB62PuCV1JyzgVFwkp,RescuE,4,Like Nothing
2234,3rfccQQ4TV1CTVSmF6U5ww,RescuE,5,Airplane mode
2235,5zxkcCX9UD3SVr8NPunPu1,RescuE,6,Foresight dream
2236,230tchsCpTQpy3lSsDyg15,RescuE,7,FEEL
2237,1SMxzfANnBNaZP1l4qusca,RescuE,8,Drive
2238,2GmD1uqwhvkSwhKIWNOItx,RescuE,9,Go
2239,4xvDJ68sBYclYh5ht1baDQ,RescuE,10,No answer
2240,2k3odHCg450sXW5pmACbTn,RescuE,11,Propose
2241,66Hrjgl6oy64bujozz6o4w,People,1,RUN
2243,1Pq5uEnaKxx49wTpd9k7rQ,People,3,クリームパスタ
2244,5q5nBDmLIOXUO70tkoFeyj,People,4,Wait For Me
2245,6K0umVUyOXrsQy63YuW0AR,People,5,ソナギ
2247,3AKvr0zM05TWSzruQFHVyo,People,7,星から来たあなた - Japanese ver.
2248,6I07NgAJ38cnjyLdSn5RIi,People,8,HOME
2249,7s4TDVQy1xk1JREQHUYWGI,Supersonic,1,Supersonic
2250,5b6lLDh2X3tjykyQS5IV2y,Supersonic,2,People
2251,1EUHwojJCAe7KeFurCJNox,Supersonic,3,Rock Like Stars (feat. Tiger JK)
2252,4ho3GMz37XIAkXJaP9V3AO,Supersonic,4,Run
2253,69BTcVqLMaF4L5wXTlOohm,Supersonic,5,No Limit
2254,43crdP1eMFeh7PKIrWczuC,Supersonic,6,소나기
2255,42HMfv90yB4OET721EgXPa,Supersonic,7,우린 달라졌을까 (with John Park)
2256,7JNUiUW9dWwllwTod6ENYl,Supersonic,8,Set Me Free
2257,5s2besULKl2FBm6rHycCBJ,Supersonic,9,크림소스 파스타
2258,4SFD1ATvzNea9PkdBI5vFT,Supersonic,10,기다려줘
2259,6v39GxWx5iDHOd6gg4OmEr,Supersonic,11,Driver (feat. 박재범)
2260,3hsF1jQiXmPheISPLIEmWL,Supersonic,12,Hope
2261,3D7nI0uSLMxo2pw3ZiA4Le,ひとつ空の下,1,風
2262,3zUGzejODnwTbsrKaAU2bD,ひとつ空の下,2,好きなんだ
2263,5T3MfTiHPH6xxTaN6Wj7Rb,ひとつ空の下,3,お別れですか?
2264,7b61QbePaBYqIzZCdtGxCg,ひとつ空の下,4,Girl
2265,1k0xkION6s8D8nOok7oNna,ひとつ空の下,5,Complicated
2266,7elPh2f55PNgIJgPoSvxDx,ひとつ空の下,6,毎日が毎日
2267,0EDslvo5zkFmPKeNPSPmLU,ひとつ空の下,7,記憶
2268,7KKEFUMl4CulG1eyz8MgLR,ひとつ空の下,8,抱きしめたい
2269,2SiYLVZLilzgN7VvElpxgH,ひとつ空の下,9,虹の向こう側
2270,45XH0YhwUTJxVnzhiwR3Co,ひとつ空の下,10,うそばっかり
2271,2EI8CnVnpwCMAyh5x1XNhk,Someday,1,Gossip Boy
2272,3GfzGVU2OrXHitCyNEcYRZ,Someday,2,기억 (feat. 타블로) - Rap Mix Version
2273,0HPBRcUv7Fq77gMRZ3uujj,Someday,3,Hero
2274,3XjwstpC4nNIxGSYriDIbr,Someday,4,Someday
2275,2e19eIdifAneBDaldn0ZyM,Someday,5,텔레파시
2276,6KsHkvhDDb7TtzQcMidqdl,Someday,6,Rain&The Bar
2277,3p9nMUkR9IgHdoC6uqSMY4,Someday,7,빗소리
2278,2L4GPPnNGguatA1g7gs0Kl,Someday,8,Rainbow
2279,0rpdOEbsO9s0Rrj76vzYSE,Someday,9,Best Friend
2280,46DyB2vGzKaZlfjN9QbTyb,Someday,10,Strawberry Days
2281,656u4nbzKOBHGjE00jMSqq,Someday,11,For Catharina
2282,5M75ChNoDtoo4SLfcv4dwM,Someday,12,미워하다
2283,49Lx9ToqUr75ybGDx5akKi,Someday,13,My Song and...
2284,2xf1w6sAuF4bgsrErejnGx,Someday,14,울지마요
2285,4YOMEFS3VnDAkR93QdtFwC,Someday,15,기억 - Original Mix Version
2286,5cxJaAWDcziTIWOAdwSWDp,Someday,16,텔레파시 - Instrumental
2287,4ofAXZVxScI0VLrvFUpCNq,Someday,17,미워하다 - Instrumental
2288,1JrzvYMdLqHGBa6jmnBXia,혜성,1,혜성
2289,1Ilr1eLdXI0JlJxQemtIxa,혜성,2,좀 더 둘이서
2290,6qmPGvkKDbuCxbJd5EjLtm,혜성,3,첫눈에
2291,4pOJHkwq1YyBU1TTO8puc4,혜성,4,Touch
2292,7osiVwB1GOSUuSiwxYNcT9,혜성,5,한 우산 아래
2293,4Wbr28lSOrBHGzmg9m7io7,혜성,6,손을 잡고서
2294,177csUHTmcnFo8lP37QhhD,혜성,7,If
2295,3etRM74iqTXWLynlLBhvh8,혜성,8,내일도 맑은 하늘처럼
2296,3AWZibhCXgh7kwInaK3R3S,혜성,9,약속
2297,75otnYVLwJmbsD8GggnjcT,혜성,10,해바라기
2298,5f9TdmXorgOq6iWtBryb5G,혜성,11,파란 빛 레몬
2299,0z6bbjK9GmefZjmKs4l7Go,혜성,12,오렌지 첫사랑
2300,4Cz9Ze5Gc0cFUALGSY7Tbw,혜성,13,추억은 아름다운 기억
2301,6iM9VPuKlAJuCggpZoht8S,혜성,14,혜성 - Instrumental
2302,5wFwS9sXCJJ8Ke8u4TMk8P,혜성,15,첫눈에 - Instrumental
2318,2nc5a7LCOa4CfvUjWvXhV2,고백하기 좋은 날,1,연애조건 - Remix Version
2320,0hGJttACm43xRQ78zs3eij,고백하기 좋은 날,3,마이★러버 - Korean Version
2327,4l86Q9qvxhKYTDV5fa1L0v,고백하기 좋은 날,10,앨리스
2330,4EamJBaigiSOgdOtPYRCWM,고백하기 좋은 날,13,비밀번호 486 - Instrumental
2331,0QdeM10rpcEtyfPsZG5w8K,고백하기 좋은 날,14,연애조건 - Instrumental
2332,16HZAZKBC7ovre9hruKJqH,고백하기 좋은 날,1,Delete
2333,3nZIBNBzTrgjHb3oAbReqU,고백하기 좋은 날,2,I Cry
2334,0GtnPY1LePGHquWzIEiqMj,고백하기 좋은 날,3,비밀번호 486
2335,4wel1Mu1sF8p9OCBpUqBGy,고백하기 좋은 날,4,고백하기 좋은 날
2336,1LZekyUVl4jyldSbJpvxKD,고백하기 좋은 날,5,Hello beautiful day
2337,0v5ItBzRV88YjmmrLrlyPa,고백하기 좋은 날,6,오늘만
2338,2yHlcpyKjt7phF1mlu3V0i,고백하기 좋은 날,7,연애조건
2339,3ar9Ac4ILz5USXGPxjWQJW,고백하기 좋은 날,8,Fly
2340,2B7WPx3oj3XhkSYdt7TCzd,고백하기 좋은 날,9,속마음
2341,2npLmDWQk0ekZuXOB3j0tR,고백하기 좋은 날,10,어린욕심 (feat. 휘성)
2343,46g3MpXoFJ6Krw9rZ0EZzU,고백하기 좋은 날,12,I Cry - Instrumental
2345,2HRZum1IeluVG07tIr1y3H,Go! Younha,1,ほうき星-album mix version
2346,3uGItuntJ4jy6CrMKAqN8T,Go! Younha,2,もっとふたりで
2347,3cEkd60p4IItOAlp0TwWa3,Go! Younha,3,オレンジの初恋
2348,4tZJu8EbvMAw2OmVUdbPdS,Go! Younha,4,碧い檸檬
2349,7GJyT15BLmyL2rTM1Nujsm,Go! Younha,5,ゆびきり-日本語version-
2350,6BHZJJ4ILw6Au3FUPt9kcy,Go! Younha,6,向日葵
2351,6e09Mg96fmSWcxBTh7ZiCF,Go! Younha,7,マイ☆ラバ
2352,4fUL29tSlyVAX27gzq5o0x,Go! Younha,8,夢の続き-album version-
2353,6hbtVZ3A2SmKDDGzo2ANp7,Go! Younha,9,あした、天気になれ。
2354,0Zku5ZqzDemSxNBZGUzlXw,Go! Younha,10,相合傘
2355,0OQG9kdAbnD29ZENxdy8Je,Go! Younha,11,願いはひとつ
2356,3hn2YPW0msc0WwlzPxBZNo,Go! Younha,12,思い出にできない
2357,7kPAHnKKtpCibfVvkw3CpG,Go! Younha,13,タッチ
2358,2c4MHTOFNLzNQTzWAP0pTh,Dangerous Levels Of Introspection (Stripped),1,Dangerous Levels of Introspection - Live in Studio
2359,4IkqfuelPR0I1Ti364IKTb,Dangerous Levels Of Introspection (Stripped),2,Here's Hopin' - Live in Studio
2360,6GlhbDyi8LlQ9OF2xBulxM,Dangerous Levels Of Introspection (Stripped),3,If The World Was Ending (feat. Julia Michaels) - Original Demo
2361,2vwm544RPrjMkbI8JAqmMj,Dangerous Levels Of Introspection (Stripped),4,A Little Bit Yours - Piano Version
2362,2yWE979wgT8VP7wuDzW1LS,Dangerous Levels Of Introspection (Stripped),5,Like That - Live in Studio
2363,1w223osIUvuTIASFLaBXYg,Dangerous Levels Of Introspection (Stripped),6,What Keeps Me From It - Extended
2364,4XTDdGwtfg7QZMf7WeQB90,Dangerous Levels Of Introspection (Stripped),7,Tension - Live in Studio
2365,3OuGSXPBrF5VxaZ9QwE4NO,Dangerous Levels Of Introspection (Stripped),8,Sing Myself to Sleep - Piano Version
2367,03sDUI44L3nlJoSoGgMRQ8,Dangerous Levels of Introspection (Deluxe Edition),2,Soft Landing
2376,7ML6yZFfTctNaBllHe2r8a,Dangerous Levels of Introspection (Deluxe Edition),11,Love v. Logic
2377,64cNNOHp4pXPgpS7ZRRUS1,Dangerous Levels of Introspection (Deluxe Edition),12,Hold On To Me
2382,4enKQ1ayhD5T0x3PY580Ds,Dangerous Levels of Introspection,1,4:30 In Toronto
2383,6HrvXuNhmwmirrfOukrNA8,Dangerous Levels of Introspection,2,Like That
2384,6aY3FfnSAhE6wIWZamBPd3,Dangerous Levels of Introspection,3,More of You
2385,7CykwXOpL9rlDSpmRNX3dA,Dangerous Levels of Introspection,4,Here's Hopin'
2386,5zrHMdtUqGsKFWfwv9gJmt,Dangerous Levels of Introspection,5,I Shouldn't Be Here
2387,4iT46O2cYu63Rlv09Fpxch,Dangerous Levels of Introspection,6,Dangerous Levels of Introspection
2388,77MdvMx9L4ZQuLhhn3o21h,Dangerous Levels of Introspection,7,If the World Was Ending (feat. Julia Michaels)
2389,3CAgSnSpMCLcK20JodIKfE,Dangerous Levels of Introspection,8,Tension
2390,5IkusNsLMha6mgN79p1Da4,Dangerous Levels of Introspection,9,What Keeps Me From It
2391,762Sb9DX9YNw4acuUwf5y9,Dangerous Levels of Introspection,10,For Emilee
2392,5C2tIXmumirF4juJNWGGP9,Dangerous Levels of Introspection,11,Line By Line (feat. Maren Morris)
2393,1vjQHBoJWpQ3rAPRDVjrxA,Dangerous Levels of Introspection,12,A Little Bit Yours
2394,5L2FQJ4MdHIfKDfNSU6TWh,Dangerous Levels of Introspection,13,Sing Myself To Sleep
2407,1IQRnO9lepeHpm9xHwUII9,Colour Vision (Deluxe),13,Still New York (feat. Joey Bada$$)
2408,64g5YfVu48TvKWaLEMD8tE,Colour Vision (Deluxe),14,Worship
2409,2uYd9NblsDfDePyEJp2GrM,Colour Vision (Deluxe),15,"Blueberry Eyes (feat. Lil Mosey, SUGA of BTS & Olivia O'Brien)"
2410,5bYxifDPAAHVKS5IUEoVaf,Colour Vision (Deluxe),16,Love Me Less (feat. Kim Petras)
2411,0z9MGzyvb2vm2HJ4BHu7pD,Colour Vision (Deluxe),17,Acid Dreams (feat. Felly) [Acoustic Version]
2412,45ZlfrRzb0Hp4t4At6h1LX,Colour Vision (Deluxe),18,There Is A God (Acoustic Version)
2413,3FlfKqQoGnGQ9zp5A6wN8P,Colour Vision (Deluxe),19,Love Me Less (feat. Quinn XCII) [Acoustic Version]
2414,5FW9rzxCSbgqmwNfxw55zg,Colour Vision (Deluxe),20,Blueberry Eyes (feat. SUGA of BTS) [Steve Aoki Remix]
2415,3A2cZyPFQsDKYzkOqWwRBm,Colour Vision (Deluxe),21,Working For The Weekend (feat. eaJ) [Party Pupils Remix]
2416,5UTMwjdnuJTjotyElqjWQc,Colour Vision (Deluxe),22,Love Me Less (feat. Quinn XCII) [Party Pupils Remix]
2417,7ABzpjFxlhc53f14QorJUL,Colour Vision,1,Colour Vision
2418,3KE5zPQhhWpxnxX3dgXh9g,Colour Vision,2,Working For The Weekend (feat. bbno$)
2419,78qFR4ah1s7wY3f6qdcnDL,Colour Vision,3,Love Me Less (feat. Quinn XCII)
2420,0bXgpmMQS7RfooveoLOUci,Colour Vision,4,Acid Dreams
2421,3mQEWuOg9UokMH32NVt5G4,Colour Vision,5,Circles
2422,6sI8Q7TTJeA9exw6hxEqq3,Colour Vision,6,Blueberry Eyes (feat. SUGA of BTS)
2423,0aZAIRksvTw99b2fQ6w1VG,Colour Vision,7,Where Am I At
2424,7xxn5U1rO2yaNl5fdFvsvg,Colour Vision,8,New Life
2425,1WATa6d8Zj84A2z1mMPck1,Colour Vision,9,Checklist (feat. Chromeo)
2426,6PHTT4XSp2Mqqr1C9dvbPP,Colour Vision,10,Missed Calls (feat. Hayley Kiyoko)
2427,6rwBFh4K4QNrKj9rcE1SiJ,Colour Vision,11,SOS
2428,7JVrd9JwGP7USfReyJjJ85,Colour Vision,12,There Is A God
2429,5OITn5gWUk6uXUZLhbvN21,Neon From Now On,1,Lonelier (feat. Alna)
2430,607XzimCK4EBDJIIHf7wg7,Neon From Now On,2,West Coast Tears (feat. Gary Go)
2431,3wX8PdmOva0C6VCBeJWYuQ,Neon From Now On,3,Rock The Party
2432,7godRovxDeyl4nrzKwfcSp,Neon From Now On,4,The Plug (feat. Drelli)
2433,2rwwenlT6ULljlxQQVMcpG,Neon From Now On,5,Love Me For The Weekend (with Ashe)
2434,2On77SULSY7B5f8VooUE98,Neon From Now On,6,One Two Things (feat. TOBi)
2435,1BKVl98OeR3CsSAFp5z1Xq,Neon From Now On,7,Bite My Tongue
2436,49zJunh4RNUrHY5IGZCDRo,Neon From Now On,8,Sax On The Beach
2448,7fj9AEccrDTOpUqew9UqLu,Hell's Kitchen Angel (Japan Version),12,Lights Down Low - Not Your Dope Remix
2449,4TYLCfR4XTJAzMvG7z7uTa,Hell's Kitchen Angel (Japan Version),13,Lights Down Low - Latin Urban Mix
2451,5DULpe1tGzudQB7LHCXlEr,Hell's Kitchen Angel,1,Hell's Kitchen Angel
2452,0MtMx5gt6kM2W7tD26Jp5H,Hell's Kitchen Angel,2,Gibberish (feat. Hoodie Allen)
2453,2gYizv7aCGXQN7bceKwelM,Hell's Kitchen Angel,3,Wrong (feat. Lil Uzi Vert)
2454,5434Zri0nGESmjDlSKhx4U,Hell's Kitchen Angel,4,Holla
2456,0evnUdYzW18jCOTPNXZTzH,Hell's Kitchen Angel,6,10 Victoria's Secret Models
2457,747JUFQOb9JL88fCbiiFY6,Hell's Kitchen Angel,7,Home
2458,7roCTVRPs3VJfvq2tbsdWv,Hell's Kitchen Angel,8,Mug Shot (feat. Sirah)
2460,7gFiscQgYvhfeKvSh7SyDS,Hell's Kitchen Angel,10,Lost My Way
2465,1sYSP7gKa5kdKIfhANfori,Hell's Kitchen Angel,5,Lights Down Low
2469,4aJgVVpcUos92SAESRL2Si,Hell's Kitchen Angel,9,Basement Party
